n_samples,epsilon,run_idx,data_seed,dp_seed,pms_mse,pms_runtime_s,dp_mse,dp_runtime_s,timestamp
200,0.1,0,70001000,90001000,0.0,0.019329917151480913,0.2454359045590229,0.031470834044739604,2026-03-07 20:14:58
200,0.1,1,70001001,90001001,0.0,0.020217375131323934,0.5719026837069225,0.03487295797094703,2026-03-07 20:14:58
200,0.1,2,70001002,90001002,0.0,0.029366582864895463,0.34846255905526446,0.03581220889464021,2026-03-07 20:14:58
200,0.1,3,70001003,90001003,0.0,0.018653459148481488,0.6825755845922248,0.03818516619503498,2026-03-07 20:14:59
200,0.1,5,70001005,90001005,0.0,0.015065375017002225,0.3949759859443283,0.02129729208536446,2026-03-07 20:14:59
200,0.1,4,70001004,90001004,0.0,0.017332708928734064,0.2924705844627921,0.03397141699679196,2026-03-07 20:14:59
200,0.1,6,70001006,90001006,0.0,0.021404040977358818,0.3657967592886726,0.0367380001116544,2026-03-07 20:14:59
200,0.1,7,70001007,90001007,0.0,0.013965916819870472,0.32148926724924787,0.04531541606411338,2026-03-07 20:14:59
200,0.1,11,70001011,90001011,0.0,0.010128833120688796,0.38571529550295625,0.0212202500551939,2026-03-07 20:14:59
200,0.1,9,70001009,90001009,0.0,0.018947500037029386,0.836426789214416,0.02610004087910056,2026-03-07 20:14:59
200,0.1,8,70001008,90001008,0.0,0.012706374982371926,2.268000449490336,0.042929207906126976,2026-03-07 20:14:59
200,0.1,10,70001010,90001010,0.0,0.008307416923344135,1.6997939435880565,0.04785545798949897,2026-03-07 20:14:59
200,0.1,12,70001012,90001012,0.0,0.008542250143364072,1.0276425677989907,0.03182887495495379,2026-03-07 20:14:59
200,0.1,13,70001013,90001013,0.0,0.016134082805365324,0.5486766752284056,0.026656457921490073,2026-03-07 20:14:59
200,0.1,15,70001015,90001015,0.0,0.011754499981179833,0.18465612137937948,0.033042917028069496,2026-03-07 20:14:59
200,0.1,14,70001014,90001014,0.0,0.01719245803542435,0.11169433441670948,0.028112333035096526,2026-03-07 20:14:59
200,0.1,16,70001016,90001016,0.0,0.01878325012512505,0.8150105007554131,0.028671208070591092,2026-03-07 20:14:59
200,0.1,17,70001017,90001017,0.0,0.02887487504631281,0.7217447013260437,0.024202916072681546,2026-03-07 20:14:59
200,0.1,19,70001019,90001019,0.0,0.015660124830901623,0.7981009040492014,0.022674124920740724,2026-03-07 20:14:59
200,0.1,18,70001018,90001018,0.0,0.013897374970838428,0.32711583728256444,0.03131787502206862,2026-03-07 20:14:59
200,0.2,0,70002000,90002000,0.0,0.008483000099658966,0.11210636795322187,0.02622670796699822,2026-03-07 20:15:01
200,0.2,2,70002002,90002002,0.0,0.01600520801730454,0.12410598340629755,0.042459124932065606,2026-03-07 20:15:01
200,0.2,1,70002001,90002001,0.0,0.02771362499333918,0.09156543015518621,0.029605916002765298,2026-03-07 20:15:01
200,0.2,3,70002003,90002003,0.0,0.01364312507212162,0.2677807966389229,0.041322499979287386,2026-03-07 20:15:01
200,0.2,4,70002004,90002004,0.0,0.02102654194459319,0.048182773680576725,0.03445970802567899,2026-03-07 20:15:01
200,0.2,5,70002005,90002005,0.0,0.013087916886433959,0.10212915535069897,0.031703167129307985,2026-03-07 20:15:01
200,0.2,7,70002007,90002007,0.0,0.013403707882389426,0.1008713030546334,0.030169667210429907,2026-03-07 20:15:01
200,0.2,8,70002008,90002008,0.0,0.017479583155363798,0.10956377408664558,0.026179375126957893,2026-03-07 20:15:01
200,0.2,6,70002006,90002006,0.0,0.020253874827176332,0.2984753648203146,0.039108833065256476,2026-03-07 20:15:01
200,0.2,9,70002009,90002009,0.0,0.014911375008523464,0.13910729297757757,0.030337666859850287,2026-03-07 20:15:01
200,0.2,10,70002010,90002010,0.0,0.02594837499782443,0.24798610265114968,0.033071041107177734,2026-03-07 20:15:01
200,0.2,12,70002012,90002012,0.0,0.008406040957197547,0.11045580166037024,0.0333706249948591,2026-03-07 20:15:01
200,0.2,15,70002015,90002015,0.0,0.008674749871715903,0.15253003105857235,0.02795112505555153,2026-03-07 20:15:01
200,0.2,11,70002011,90002011,0.0,0.00866716611199081,0.1460445623220335,0.05297970795072615,2026-03-07 20:15:01
200,0.2,13,70002013,90002013,0.0,0.014007416786625981,0.18192157676042345,0.03874299977906048,2026-03-07 20:15:01
200,0.2,14,70002014,90002014,0.0,0.01945645804516971,0.08311879994877745,0.03382329107262194,2026-03-07 20:15:01
200,0.2,16,70002016,90002016,0.0,0.012092958204448223,0.046129390983749866,0.04001350002363324,2026-03-07 20:15:01
200,0.2,17,70002017,90002017,0.0,0.017791375052183867,0.14868054465382077,0.02369858301244676,2026-03-07 20:15:01
200,0.2,19,70002019,90002019,0.0,0.009245583089068532,0.09737474586177278,0.024911709129810333,2026-03-07 20:15:01
200,0.2,18,70002018,90002018,0.0,0.016804999904707074,0.13067850992987828,0.02639350015670061,2026-03-07 20:15:01
200,0.5,0,70005000,90005000,0.0,0.013966541970148683,0.04009363750838519,0.037054166896268725,2026-03-07 20:15:04
200,0.5,1,70005001,90005001,0.0,0.016717459075152874,0.0607614753982398,0.04570079199038446,2026-03-07 20:15:04
200,0.5,3,70005003,90005003,0.0,0.011788666946813464,0.022589623456434067,0.02727133291773498,2026-03-07 20:15:04
200,0.5,2,70005002,90005002,0.0,0.013885832857340574,0.052865547253103135,0.03769954084418714,2026-03-07 20:15:04
200,0.5,4,70005004,90005004,0.0,0.01905016601085663,0.04289465617557121,0.03432825021445751,2026-03-07 20:15:04
200,0.5,5,70005005,90005005,0.0,0.01655054115690291,0.06367218308764647,0.03628558409400284,2026-03-07 20:15:04
200,0.5,7,70005007,90005007,0.0,0.020169417141005397,0.05682478945071292,0.026269708992913365,2026-03-07 20:15:04
200,0.5,10,70005010,90005010,0.0,0.013903792016208172,0.017014992535493836,0.02739537484012544,2026-03-07 20:15:04
200,0.5,6,70005006,90005006,0.0,0.018052542116492987,0.02329987158760924,0.053330458933487535,2026-03-07 20:15:04
200,0.5,9,70005009,90005009,0.0,0.009583374951034784,0.05713607824085912,0.04118070797994733,2026-03-07 20:15:04
200,0.5,8,70005008,90005008,0.0,0.028044375125318766,0.07559427448160007,0.03167212498374283,2026-03-07 20:15:04
200,0.5,11,70005011,90005011,0.0,0.01975116692483425,0.07014147507342719,0.04014162509702146,2026-03-07 20:15:04
200,0.5,12,70005012,90005012,0.0,0.010490792104974389,0.07174268661444591,0.031529624946415424,2026-03-07 20:15:04
200,0.5,16,70005016,90005016,0.0,0.008816084126010537,0.013981574309265317,0.022031124914065003,2026-03-07 20:15:04
200,0.5,14,70005014,90005014,0.0,0.015834083082154393,0.022884589433925816,0.03590370807796717,2026-03-07 20:15:04
200,0.5,15,70005015,90005015,0.0,0.009549415903165936,0.04080572968823027,0.0313377920538187,2026-03-07 20:15:04
200,0.5,13,70005013,90005013,0.0,0.011935458052903414,0.02071928023067168,0.05324354115873575,2026-03-07 20:15:04
200,0.5,17,70005017,90005017,0.0,0.020603874931111932,0.047514211360867475,0.025383834028616548,2026-03-07 20:15:04
200,0.5,19,70005019,90005019,0.0,0.017454582965001464,0.021902933443631714,0.020325040910393,2026-03-07 20:15:04
200,0.5,18,70005018,90005018,0.0,0.022388584213331342,0.035682933678985874,0.02345770807005465,2026-03-07 20:15:04
200,1.0,0,70010000,90010000,0.0,0.015270000090822577,0.011286936427428,0.0369188750628382,2026-03-07 20:15:06
200,1.0,1,70010001,90010001,0.0,0.022600917145609856,0.05026966553497512,0.03368904208764434,2026-03-07 20:15:06
200,1.0,2,70010002,90010002,0.0,0.025487707927823067,0.0422882620759669,0.040002333000302315,2026-03-07 20:15:06
200,1.0,3,70010003,90010003,0.0,0.02217274997383356,0.03046090122552616,0.03760570799931884,2026-03-07 20:15:06
200,1.0,5,70010005,90010005,0.0,0.012770375004038215,0.009310858692489321,0.030764790950343013,2026-03-07 20:15:06
200,1.0,4,70010004,90010004,0.0,0.017808791948482394,0.04002318006804893,0.03964154189452529,2026-03-07 20:15:07
200,1.0,6,70010006,90010006,0.0,0.026672333013266325,0.01172166009021399,0.03613633313216269,2026-03-07 20:15:07
200,1.0,7,70010007,90010007,0.0,0.015949874883517623,0.1263390031393228,0.0397447079885751,2026-03-07 20:15:07
200,1.0,9,70010009,90010009,0.0,0.011500791180878878,0.08432688160478398,0.03734312509186566,2026-03-07 20:15:07
200,1.0,10,70010010,90010010,0.0,0.02461204188875854,0.020365163735471644,0.02833708398975432,2026-03-07 20:15:07
200,1.0,8,70010008,90010008,0.0,0.013263708911836147,0.08487732522968199,0.0484595000743866,2026-03-07 20:15:07
200,1.0,12,70010012,90010012,0.0,0.010258291848003864,0.01912034969094269,0.03355754096992314,2026-03-07 20:15:07
200,1.0,13,70010013,90010013,0.0,0.01312545919790864,0.04378355291892053,0.027660583145916462,2026-03-07 20:15:07
200,1.0,11,70010011,90010011,0.0,0.026691708946600556,0.029807758212444174,0.029747625114396214,2026-03-07 20:15:07
200,1.0,14,70010014,90010014,0.0,0.018190375063568354,0.01986460204929745,0.0312774998601526,2026-03-07 20:15:07
200,1.0,15,70010015,90010015,0.0,0.008912333054468036,0.014110202087025361,0.03708708309568465,2026-03-07 20:15:07
200,1.0,17,70010017,90010017,0.0,0.01649433304555714,0.015867639743523697,0.025815207976847887,2026-03-07 20:15:07
200,1.0,16,70010016,90010016,0.0,0.01579916593618691,0.0350333692348848,0.027643375098705292,2026-03-07 20:15:07
200,1.0,18,70010018,90010018,0.0,0.017887249821797013,0.02213681119780521,0.025927667040377855,2026-03-07 20:15:07
200,1.0,19,70010019,90010019,0.0,0.012565791141241789,0.03472044772363317,0.024081834126263857,2026-03-07 20:15:07
500,0.1,1,100001001,120001001,0.0,0.054398792097344995,0.09672219333349927,0.11386554199270904,2026-03-07 20:15:09
500,0.1,2,100001002,120001002,0.0,0.05508112511597574,0.030278432897515757,0.13685333309695125,2026-03-07 20:15:09
500,0.1,0,100001000,120001000,0.0,0.061949499882757664,0.32619310135542834,0.13489370793104172,2026-03-07 20:15:09
500,0.1,3,100001003,120001003,0.0,0.05623725010082126,0.11332554049131911,0.10594766703434289,2026-03-07 20:15:09
500,0.1,4,100001004,120001004,0.0,0.05483400006778538,0.1138622231206988,0.11033008410595357,2026-03-07 20:15:09
500,0.1,5,100001005,120001005,0.0,0.05510629201307893,0.15234612425587327,0.12885908293537796,2026-03-07 20:15:09
500,0.1,6,100001006,120001006,0.0,0.059690540889278054,0.09353888151779002,0.11033950001001358,2026-03-07 20:15:09
500,0.1,8,100001008,120001008,0.0,0.05605870787985623,0.15901252302237556,0.1026775841601193,2026-03-07 20:15:10
500,0.1,7,100001007,120001007,0.0,0.051526958821341395,0.2034117012379521,0.13437549979425967,2026-03-07 20:15:10
500,0.1,9,100001009,120001009,0.0,0.05293662496842444,0.09588834173890366,0.11278316588141024,2026-03-07 20:15:10
500,0.1,11,100001011,120001011,0.0,0.06547800009138882,0.18389850589489146,0.11207108292728662,2026-03-07 20:15:10
500,0.1,10,100001010,120001010,0.0,0.06467341701500118,0.1559445055445384,0.12861070805229247,2026-03-07 20:15:10
500,0.1,12,100001012,120001012,0.0,0.04730762494727969,0.11685242387252899,0.12033812492154539,2026-03-07 20:15:10
500,0.1,14,100001014,120001014,0.0,0.06486050016246736,0.10548233258078596,0.11717387498356402,2026-03-07 20:15:10
500,0.1,13,100001013,120001013,0.0,0.05380787514150143,0.5084544890381988,0.1395688340999186,2026-03-07 20:15:10
500,0.1,16,100001016,120001016,0.0,0.053723083809018135,0.05716362136003263,0.1049080837983638,2026-03-07 20:15:10
500,0.1,15,100001015,120001015,0.0,0.0463317921385169,0.0857568621518356,0.12844925001263618,2026-03-07 20:15:10
500,0.1,17,100001017,120001017,0.0,0.048746125074103475,0.14448583348726057,0.08565737493336201,2026-03-07 20:15:10
500,0.1,18,100001018,120001018,0.0,0.044115624856203794,0.06090841695921881,0.10275733284652233,2026-03-07 20:15:10
500,0.1,19,100001019,120001019,0.0,0.04957016697153449,0.19013635395082348,0.09464933420531452,2026-03-07 20:15:10
500,0.2,0,100002000,120002000,0.0,0.03932454087771475,0.044179878449653674,0.13344700005836785,2026-03-07 20:15:13
500,0.2,1,100002001,120002001,0.0,0.05221179220825434,0.031200958717340535,0.09651883295737207,2026-03-07 20:15:13
500,0.2,3,100002003,120002003,0.0,0.053745292127132416,0.06503466763165755,0.12380904215388,2026-03-07 20:15:13
500,0.2,6,100002006,120002006,0.0,0.05249312496744096,0.01045506635769902,0.12754604197107255,2026-03-07 20:15:13
500,0.2,2,100002002,120002002,0.0,0.04842091677710414,0.058244481923742854,0.12908662506379187,2026-03-07 20:15:13
500,0.2,4,100002004,120002004,0.0,0.056725458009168506,0.01614474112741147,0.12103733397088945,2026-03-07 20:15:13
500,0.2,7,100002007,120002007,0.0,0.07003491604700685,0.013078031362565372,0.11021791701205075,2026-03-07 20:15:13
500,0.2,5,100002005,120002005,0.0,0.05132141709327698,0.03278121724375032,0.13298300001770258,2026-03-07 20:15:13
500,0.2,8,100002008,120002008,0.0,0.05162791698239744,0.03319005004733966,0.11149679101072252,2026-03-07 20:15:13
500,0.2,9,100002009,120002009,0.0,0.057863624999299645,0.03448256101515476,0.12555908388458192,2026-03-07 20:15:13
500,0.2,11,100002011,120002011,0.0,0.07459049997851253,0.05908134762473809,0.10824854206293821,2026-03-07 20:15:13
500,0.2,12,100002012,120002012,0.0,0.049798374995589256,0.030094479805398082,0.1289840000681579,2026-03-07 20:15:13
500,0.2,15,100002015,120002015,0.0,0.05548091698437929,0.04245525619236194,0.11976433405652642,2026-03-07 20:15:13
500,0.2,10,100002010,120002010,0.0,0.06207945803180337,0.07163565721343242,0.12750875018537045,2026-03-07 20:15:13
500,0.2,13,100002013,120002013,0.0,0.047400166047737,0.05367699642865969,0.11437474982813,2026-03-07 20:15:13
500,0.2,14,100002014,120002014,0.0,0.05349925020709634,0.048525102148080236,0.13801329187117517,2026-03-07 20:15:13
500,0.2,16,100002016,120002016,0.0,0.05721458303742111,0.05790275447878692,0.10196954198181629,2026-03-07 20:15:13
500,0.2,17,100002017,120002017,0.0,0.07961212517693639,0.0516140230976376,0.07328750006854534,2026-03-07 20:15:13
500,0.2,19,100002019,120002019,0.0,0.037187458015978336,0.04013094650645118,0.07721683289855719,2026-03-07 20:15:13
500,0.2,18,100002018,120002018,0.0,0.050857792142778635,0.06274153372528914,0.06922891596332192,2026-03-07 20:15:13
500,0.5,0,100005000,120005000,0.0,0.05408258410170674,0.0156843350610607,0.12606154195964336,2026-03-07 20:15:16
500,0.5,1,100005001,120005001,0.0,0.05397133296355605,0.07142851172315139,0.11540312506258488,2026-03-07 20:15:16
500,0.5,4,100005004,120005004,0.0,0.046317082829773426,0.015658044194139284,0.11752358288504183,2026-03-07 20:15:16
500,0.5,3,100005003,120005003,0.0,0.04888975014910102,0.03473617972679345,0.11912358389236033,2026-03-07 20:15:16
500,0.5,2,100005002,120005002,0.0,0.050993083976209164,0.06961409247010109,0.12601758306846023,2026-03-07 20:15:16
500,0.5,7,100005007,120005007,0.0,0.06428345781750977,0.008002801365011159,0.09981649997644126,2026-03-07 20:15:16
500,0.5,5,100005005,120005005,0.0,0.05972912488505244,0.029972648653495654,0.12384633277542889,2026-03-07 20:15:16
500,0.5,6,100005006,120005006,0.0,0.0651743330527097,0.018929839499501618,0.10855379211716354,2026-03-07 20:15:16
500,0.5,8,100005008,120005008,0.0,0.05877474998123944,0.0379073400905136,0.1227904160041362,2026-03-07 20:15:16
500,0.5,9,100005009,120005009,0.0,0.05655141593888402,0.013177948321934778,0.13114691711962223,2026-03-07 20:15:16
500,0.5,10,100005010,120005010,0.0,0.05190758313983679,0.019132523024242457,0.12318541691638529,2026-03-07 20:15:16
500,0.5,12,100005012,120005012,0.0,0.06304558296687901,0.014833077630567073,0.11053279205225408,2026-03-07 20:15:16
500,0.5,13,100005013,120005013,0.0,0.04584929090924561,0.016298307402078844,0.10612579202279449,2026-03-07 20:15:16
500,0.5,11,100005011,120005011,0.0,0.05561637505888939,0.013468297194436173,0.13801516708917916,2026-03-07 20:15:16
500,0.5,14,100005014,120005014,0.0,0.05341137503273785,0.015772487979579267,0.09903445886448026,2026-03-07 20:15:16
500,0.5,16,100005016,120005016,0.0,0.03785800002515316,0.014478849765515835,0.12844487489201128,2026-03-07 20:15:16
500,0.5,15,100005015,120005015,0.0,0.0652789999730885,0.034421613442189504,0.13012012490071356,2026-03-07 20:15:16
500,0.5,17,100005017,120005017,0.0,0.06469562510028481,0.016403254307586847,0.07046933309175074,2026-03-07 20:15:16
500,0.5,18,100005018,120005018,0.0,0.04355762479826808,0.016781741459368286,0.07185891619883478,2026-03-07 20:15:16
500,0.5,19,100005019,120005019,0.0,0.04446254181675613,0.039664924201779035,0.07389095798134804,2026-03-07 20:15:16
500,1.0,0,100010000,120010000,0.0,0.05326095805503428,0.014107772280694418,0.11003316612914205,2026-03-07 20:15:19
500,1.0,1,100010001,120010001,0.0,0.05459162499755621,0.031293639578733885,0.11132937506772578,2026-03-07 20:15:19
500,1.0,2,100010002,120010002,0.0,0.04877908295020461,0.00931817288642909,0.11496816598810256,2026-03-07 20:15:19
500,1.0,4,100010004,120010004,0.0,0.041498790960758924,0.025438578674371264,0.11813600012101233,2026-03-07 20:15:19
500,1.0,5,100010005,120010005,0.0,0.04868695908226073,0.010961128505142158,0.12101500015705824,2026-03-07 20:15:19
500,1.0,6,100010006,120010006,0.0,0.056364333955571055,0.01590644425355458,0.09916025004349649,2026-03-07 20:15:19
500,1.0,3,100010003,120010003,0.0,0.06933454191312194,0.009373625122100946,0.12858491600491107,2026-03-07 20:15:19
500,1.0,7,100010007,120010007,0.0,0.047606916865333915,0.011047265889863912,0.1177475000731647,2026-03-07 20:15:19
500,1.0,10,100010010,120010010,0.0,0.05477654188871384,0.020479657748413333,0.11798475007526577,2026-03-07 20:15:19
500,1.0,8,100010008,120010008,0.0,0.07393408380448818,0.01011113678459464,0.1253076249267906,2026-03-07 20:15:19
500,1.0,9,100010009,120010009,0.0,0.08324475004337728,0.01594361968864346,0.12596229184418917,2026-03-07 20:15:19
500,1.0,13,100010013,120010013,0.0,0.06320808315649629,0.008115731817213959,0.1152015421539545,2026-03-07 20:15:19
500,1.0,12,100010012,120010012,0.0,0.05523245804943144,0.033735188592599184,0.14672233304008842,2026-03-07 20:15:19
500,1.0,14,100010014,120010014,0.0,0.05311316694132984,0.010921746983927772,0.1424141670577228,2026-03-07 20:15:19
500,1.0,11,100010011,120010011,0.0,0.06027575000189245,0.03205875745459284,0.15352304093539715,2026-03-07 20:15:19
500,1.0,15,100010015,120010015,0.0,0.0590749999973923,0.02415766068379913,0.11971375020220876,2026-03-07 20:15:19
500,1.0,17,100010017,120010017,0.0,0.052903916919603944,0.05554429498595329,0.08457375015132129,2026-03-07 20:15:19
500,1.0,16,100010016,120010016,0.0,0.054909124970436096,0.015232469275041481,0.09714079205878079,2026-03-07 20:15:19
500,1.0,18,100010018,120010018,0.0,0.052348083117976785,0.018771999865269135,0.0738593339920044,2026-03-07 20:15:19
500,1.0,19,100010019,120010019,0.0,0.03757358412258327,0.010545140575633084,0.08075733412988484,2026-03-07 20:15:19
1000,0.1,3,150001003,170001003,0.0,0.13204641710035503,0.04494443231612639,0.2993957500439137,2026-03-07 20:15:22
1000,0.1,4,150001004,170001004,0.0,0.1342720000538975,0.02525167934582061,0.3052549578715116,2026-03-07 20:15:22
1000,0.1,0,150001000,170001000,0.0,0.14855633303523064,0.10711252546389724,0.32317412504926324,2026-03-07 20:15:23
1000,0.1,6,150001006,170001006,0.0,0.17991637508384883,0.043728297885925846,0.2527646250091493,2026-03-07 20:15:23
1000,0.1,5,150001005,170001005,0.0,0.1703578750602901,0.049961942472678246,0.319692709017545,2026-03-07 20:15:23
1000,0.1,7,150001007,170001007,0.0,0.18745774985291064,0.03146706893802649,0.29991020797751844,2026-03-07 20:15:23
1000,0.1,1,150001001,170001001,0.0,0.1482071669306606,0.09613176806112568,0.30582612520083785,2026-03-07 20:15:23
1000,0.1,2,150001002,170001002,0.0,0.15270820911973715,0.07307683586139141,0.35071466607041657,2026-03-07 20:15:23
1000,0.1,8,150001008,170001008,0.0,0.16249112482182682,0.038419357005056796,0.23038237495347857,2026-03-07 20:15:23
1000,0.1,10,150001010,170001010,0.0,0.11733691720291972,0.04438125936988465,0.30815058294683695,2026-03-07 20:15:23
1000,0.1,11,150001011,170001011,0.0,0.14845879096537828,0.04429986438881965,0.3079832079820335,2026-03-07 20:15:23
1000,0.1,9,150001009,170001009,0.0,0.16098625003360212,0.049003241875771805,0.3054355410858989,2026-03-07 20:15:23
1000,0.1,14,150001014,170001014,0.0,0.1702887078281492,0.03410596016898455,0.289831249974668,2026-03-07 20:15:23
1000,0.1,13,150001013,170001013,0.0,0.14743408397771418,0.04839548952685932,0.2914876670110971,2026-03-07 20:15:23
1000,0.1,12,150001012,170001012,0.0,0.1542774171102792,0.0815524430773305,0.31206454196944833,2026-03-07 20:15:23
1000,0.1,15,150001015,170001015,0.0,0.13144787517376244,0.0537416509372239,0.3126556249335408,2026-03-07 20:15:24
1000,0.1,17,150001017,170001017,0.0,0.15160279208794236,0.026610186355666175,0.21734633296728134,2026-03-07 20:15:24
1000,0.1,16,150001016,170001016,0.0,0.14800737495534122,0.18122933889621498,0.24298370792530477,2026-03-07 20:15:24
1000,0.1,19,150001019,170001019,0.0,0.13377349986694753,0.06671049886213783,0.2269936657976359,2026-03-07 20:15:24
1000,0.1,18,150001018,170001018,0.0,0.15366541710682213,0.0425348266958547,0.20473729190416634,2026-03-07 20:15:24
1000,0.2,0,150002000,170002000,0.0,0.1334488750435412,0.015123811219606875,0.3291074160952121,2026-03-07 20:15:27
1000,0.2,1,150002001,170002001,0.0,0.13388666696846485,0.007428346879838214,0.3191193339880556,2026-03-07 20:15:27
1000,0.2,2,150002002,170002002,0.0,0.14196841605007648,0.015254929268502426,0.3616984589025378,2026-03-07 20:15:27
1000,0.2,3,150002003,170002003,0.0,0.17007029196247458,0.018950642670691232,0.31874199979938567,2026-03-07 20:15:27
1000,0.2,4,150002004,170002004,0.0,0.14600700000301003,0.012001650609497271,0.31740016699768603,2026-03-07 20:15:27
1000,0.2,5,150002005,170002005,0.0,0.1662405829411,0.026513176362227733,0.30867337505333126,2026-03-07 20:15:27
1000,0.2,6,150002006,170002006,0.0,0.1786178748589009,0.016884579819031856,0.32577987504191697,2026-03-07 20:15:27
1000,0.2,7,150002007,170002007,0.0,0.1406590840779245,0.028313743233180873,0.2942272089421749,2026-03-07 20:15:27
1000,0.2,9,150002009,170002009,0.0,0.1394895410630852,0.026115326319112425,0.27525629196316004,2026-03-07 20:15:28
1000,0.2,8,150002008,170002008,0.0,0.16189745883457363,0.02701819628946297,0.32801820896565914,2026-03-07 20:15:28
1000,0.2,11,150002011,170002011,0.0,0.15848874999210238,0.012699343349098837,0.3130498749669641,2026-03-07 20:15:28
1000,0.2,10,150002010,170002010,0.0,0.15534524992108345,0.020055236600318688,0.3201166249345988,2026-03-07 20:15:28
1000,0.2,14,150002014,170002014,0.0,0.13791229110211134,0.011453288410329355,0.22907645790837705,2026-03-07 20:15:28
1000,0.2,13,150002013,170002013,0.0,0.14627054193988442,0.015728083206388205,0.3128553330898285,2026-03-07 20:15:28
1000,0.2,12,150002012,170002012,0.0,0.16596654197201133,0.024540061376740387,0.2665295829065144,2026-03-07 20:15:28
1000,0.2,15,150002015,170002015,0.0,0.13954700017347932,0.05554096683364169,0.3024961659684777,2026-03-07 20:15:28
1000,0.2,16,150002016,170002016,0.0,0.13636612496338785,0.01292179548651373,0.2270815409719944,2026-03-07 20:15:28
1000,0.2,17,150002017,170002017,0.0,0.13207941688597202,0.01672956335425635,0.19782899995334446,2026-03-07 20:15:28
1000,0.2,19,150002019,170002019,0.0,0.12624999997206032,0.022480550777633244,0.19472341681830585,2026-03-07 20:15:28
1000,0.2,18,150002018,170002018,0.0,0.12585512502118945,0.04459070629744666,0.2060522499959916,2026-03-07 20:15:29
1000,0.5,0,150005000,170005000,0.0,0.16418916615657508,0.011312426470750803,0.33262383402325213,2026-03-07 20:15:32
1000,0.5,1,150005001,170005001,0.0,0.15530341607518494,0.010517743053540288,0.3395495410077274,2026-03-07 20:15:32
1000,0.5,4,150005004,170005004,0.0,0.14767249999567866,0.004366999602475497,0.265745708020404,2026-03-07 20:15:32
1000,0.5,6,150005006,170005006,0.0,0.12985595897771418,0.009051872690601566,0.30669700005091727,2026-03-07 20:15:32
1000,0.5,3,150005003,170005003,0.0,0.14868816710077226,0.009739844571443435,0.37338004214689136,2026-03-07 20:15:32
1000,0.5,2,150005002,170005002,0.0,0.13814608403481543,0.0061693658858302915,0.3356205418240279,2026-03-07 20:15:32
1000,0.5,7,150005007,170005007,0.0,0.15701874997466803,0.013433964616574685,0.3362640000414103,2026-03-07 20:15:32
1000,0.5,5,150005005,170005005,0.0,0.2079598328564316,0.01470627799694643,0.38992312480695546,2026-03-07 20:15:32
1000,0.5,8,150005008,170005008,0.0,0.12670429097488523,0.020156341104314975,0.30424312502145767,2026-03-07 20:15:33
1000,0.5,9,150005009,170005009,0.0,0.14486320805735886,0.015869329826781697,0.3124562499579042,2026-03-07 20:15:33
1000,0.5,11,150005011,170005011,0.0,0.1406387910246849,0.023476275245943604,0.3041009590961039,2026-03-07 20:15:33
1000,0.5,10,150005010,170005010,0.0,0.13941500009968877,0.004615196567852792,0.41055750008672476,2026-03-07 20:15:33
1000,0.5,12,150005012,170005012,0.0,0.17549320892430842,0.022867401370398346,0.27479833411052823,2026-03-07 20:15:33
1000,0.5,13,150005013,170005013,0.0,0.15049816714599729,0.0256803601941453,0.27628058288246393,2026-03-07 20:15:33
1000,0.5,14,150005014,170005014,0.0,0.17023416701704264,0.010843116603376885,0.2877349159680307,2026-03-07 20:15:33
1000,0.5,15,150005015,170005015,0.0,0.16637616697698832,0.011622929824798902,0.3026854160707444,2026-03-07 20:15:33
1000,0.5,16,150005016,170005016,0.0,0.15372079191729426,0.00462971569016267,0.2358585000038147,2026-03-07 20:15:33
1000,0.5,17,150005017,170005017,0.0,0.11499974993057549,0.013090648546840913,0.19378545880317688,2026-03-07 20:15:33
1000,0.5,19,150005019,170005019,0.0,0.10967866703867912,0.01580684003555647,0.18910358287394047,2026-03-07 20:15:33
1000,0.5,18,150005018,170005018,0.0,0.12956924992613494,0.030590322758106483,0.21675166604109108,2026-03-07 20:15:33
1000,1.0,1,150010001,170010001,0.0,0.1592727079987526,0.005571809220334635,0.2860534999053925,2026-03-07 20:15:37
1000,1.0,0,150010000,170010000,0.0,0.1406922920141369,0.01900843858709386,0.3175718339625746,2026-03-07 20:15:37
1000,1.0,2,150010002,170010002,0.0,0.14191270805895329,0.021018189347322292,0.3325005420483649,2026-03-07 20:15:37
1000,1.0,5,150010005,170010005,0.0,0.16573908389545977,0.009389883653385315,0.2995091250631958,2026-03-07 20:15:37
1000,1.0,3,150010003,170010003,0.0,0.16525024990551174,0.03220277737770341,0.3119491250254214,2026-03-07 20:15:37
1000,1.0,4,150010004,170010004,0.0,0.14495724998414516,0.002560274813576427,0.33156562503427267,2026-03-07 20:15:37
1000,1.0,6,150010006,170010006,0.0,0.17938849981874228,0.00433850975724382,0.31134616606868804,2026-03-07 20:15:37
1000,1.0,7,150010007,170010007,0.0,0.14977562497369945,0.01557755051393442,0.32631112495437264,2026-03-07 20:15:37
1000,1.0,8,150010008,170010008,0.0,0.1492855418473482,0.010863861763736854,0.2700973751489073,2026-03-07 20:15:37
1000,1.0,9,150010009,170010009,0.0,0.13115383312106133,0.016986015182729908,0.30422349995933473,2026-03-07 20:15:37
1000,1.0,14,150010014,170010014,0.0,0.1391180418431759,0.0073568130838919474,0.2823423750232905,2026-03-07 20:15:37
1000,1.0,13,150010013,170010013,0.0,0.13750054105184972,0.005517211489471228,0.3187894159927964,2026-03-07 20:15:37
1000,1.0,12,150010012,170010012,0.0,0.1362522910349071,0.015320760355322037,0.2833785000257194,2026-03-07 20:15:37
1000,1.0,10,150010010,170010010,0.0,0.2687226249836385,0.013678568668935047,0.28723408305086195,2026-03-07 20:15:37
1000,1.0,11,150010011,170010011,0.0,0.13419758388772607,0.01874101877517613,0.3087347079999745,2026-03-07 20:15:37
1000,1.0,15,150010015,170010015,0.0,0.15937100001610816,0.01916992352916756,0.2948667500168085,2026-03-07 20:15:37
1000,1.0,17,150010017,170010017,0.0,0.1366517918650061,0.0035686562772950917,0.19188583292998374,2026-03-07 20:15:38
1000,1.0,16,150010016,170010016,0.0,0.14522754098288715,0.020003413087324846,0.22187041700817645,2026-03-07 20:15:38
1000,1.0,18,150010018,170010018,0.0,0.13371675019152462,0.008812869140201816,0.21668100007809699,2026-03-07 20:15:38
1000,1.0,19,150010019,170010019,0.0,0.13349016709253192,0.01452758730545004,0.20567637495696545,2026-03-07 20:15:38
2000,0.1,0,250001000,270001000,0.0,0.44716300000436604,0.01413292180409233,1.402721542166546,2026-03-07 20:15:44
2000,0.1,1,250001001,270001001,0.0,0.48672599997371435,0.013722917482962848,1.1248369589447975,2026-03-07 20:15:44
2000,0.1,2,250001002,270001002,0.0,0.4624920419882983,0.027052874820227016,1.1919305420015007,2026-03-07 20:15:44
2000,0.1,3,250001003,270001003,0.0,0.4629665839020163,0.030989068141133534,1.1278190840967,2026-03-07 20:15:44
2000,0.1,4,250001004,270001004,0.0,0.4768880419433117,0.026919985119709063,1.1265967499930412,2026-03-07 20:15:44
2000,0.1,5,250001005,270001005,0.0,0.44844083301723003,0.024173039402784056,1.1860409590881318,2026-03-07 20:15:44
2000,0.1,7,250001007,270001007,0.0,0.4712644589599222,0.023134495880476304,1.1164527090732008,2026-03-07 20:15:44
2000,0.1,6,250001006,270001006,0.0,0.4661090411245823,0.03126911710636237,1.1630531249102205,2026-03-07 20:15:44
2000,0.1,8,250001008,270001008,0.0,0.49289462505839765,0.024661075172718684,0.8707295418716967,2026-03-07 20:15:47
2000,0.1,9,250001009,270001009,0.0,0.4733093329705298,0.0175855292161254,0.9065784998238087,2026-03-07 20:15:47
2000,0.1,12,250001012,270001012,0.0,0.47514262492768466,0.019298911347936182,0.7960995419416577,2026-03-07 20:15:47
2000,0.1,10,250001010,270001010,0.0,0.5491482079960406,0.022941444628293332,0.9298304161056876,2026-03-07 20:15:47
2000,0.1,11,250001011,270001011,0.0,0.39104775013402104,0.01859105909726142,0.9464398750569671,2026-03-07 20:15:47
2000,0.1,13,250001013,270001013,0.0,0.5045459170360118,0.028033001059814967,0.8318812081124634,2026-03-07 20:15:47
2000,0.1,15,250001015,270001015,0.0,0.5249199590180069,0.025990303914082313,0.8494833749718964,2026-03-07 20:15:48
2000,0.1,14,250001014,270001014,0.0,0.6459629170130938,0.04745035221201506,0.776932458858937,2026-03-07 20:15:48
2000,0.1,16,250001016,270001016,0.0,0.5022289578337222,0.014715939493274563,0.6958404581528157,2026-03-07 20:15:49
2000,0.1,18,250001018,270001018,0.0,0.49317591614089906,0.022308214605902713,0.6597380838356912,2026-03-07 20:15:49
2000,0.1,17,250001017,270001017,0.0,0.5063866251148283,0.03036515237568201,0.6279779579490423,2026-03-07 20:15:49
2000,0.1,19,250001019,270001019,0.0,0.4314508750103414,0.02348098580460389,0.564130499958992,2026-03-07 20:15:50
2000,0.2,6,250002006,270002006,0.0,0.515108291991055,0.004531815012415417,1.0098927081562579,2026-03-07 20:15:55
2000,0.2,4,250002004,270002004,0.0,0.4968569159973413,0.009414523666477643,1.0444806658197194,2026-03-07 20:15:55
2000,0.2,1,250002001,270002001,0.0,0.4930680829565972,0.01321418705708707,1.0170376249589026,2026-03-07 20:15:55
2000,0.2,0,250002000,270002000,0.0,0.4572388748638332,0.00827952794067111,1.0525072908494622,2026-03-07 20:15:55
2000,0.2,2,250002002,270002002,0.0,0.46127404109574854,0.00883773289860841,0.9969234999734908,2026-03-07 20:15:55
2000,0.2,3,250002003,270002003,0.0,0.4663260420784354,0.014603844802305612,1.0735921249724925,2026-03-07 20:15:55
2000,0.2,7,250002007,270002007,0.0,0.46378908422775567,0.01730799184057459,1.0202712090685964,2026-03-07 20:15:56
2000,0.2,5,250002005,270002005,0.0,0.47516412497498095,0.01297318684272167,1.032672292087227,2026-03-07 20:15:56
2000,0.2,10,250002010,270002010,0.0,0.49715862493030727,0.01200419821337601,0.8938155418727547,2026-03-07 20:15:58
2000,0.2,12,250002012,270002012,0.0,0.47694062488153577,0.009731067637492338,0.8812898339238018,2026-03-07 20:15:58
2000,0.2,8,250002008,270002008,0.0,0.4873057908844203,0.009421311497439319,0.8985216671135277,2026-03-07 20:15:58
2000,0.2,9,250002009,270002009,0.0,0.4892767919227481,0.017731815641653003,0.9255902909208089,2026-03-07 20:15:58
2000,0.2,13,250002013,270002013,0.0,0.4771619578823447,0.015544601061302614,0.9296329580247402,2026-03-07 20:15:59
2000,0.2,14,250002014,270002014,0.0,0.5027972920797765,0.008817636752007847,0.8053381249774247,2026-03-07 20:15:59
2000,0.2,11,250002011,270002011,0.0,0.47544574993662536,0.022778308377212446,0.960699750110507,2026-03-07 20:15:59
2000,0.2,15,250002015,270002015,0.0,0.5052687500137836,0.010068953267145925,0.8708597500808537,2026-03-07 20:15:59
2000,0.2,18,250002018,270002018,0.0,0.46046112501062453,0.004799581473789123,0.6524623751174659,2026-03-07 20:16:00
2000,0.2,19,250002019,270002019,0.0,0.44393637496978045,0.007333672594389262,0.5747994999401271,2026-03-07 20:16:00
2000,0.2,17,250002017,270002017,0.0,0.44467979203909636,0.010555493283521924,0.627062208019197,2026-03-07 20:16:00
2000,0.2,16,250002016,270002016,0.0,0.46081187506206334,0.012472603760185044,0.603158334037289,2026-03-07 20:16:01
2000,0.5,1,250005001,270005001,0.0,0.4567855419591069,0.0032914648309030855,0.9270274578593671,2026-03-07 20:16:06
2000,0.5,0,250005000,270005000,0.0,0.44767166720703244,0.011380636949162866,0.9356592090334743,2026-03-07 20:16:06
2000,0.5,3,250005003,270005003,0.0,0.47692062496207654,0.009279483757175121,0.9970357089769095,2026-03-07 20:16:06
2000,0.5,6,250005006,270005006,0.0,0.47301220893859863,0.007756054962972963,0.9447907081339508,2026-03-07 20:16:06
2000,0.5,4,250005004,270005004,0.0,0.491146125132218,0.0014305532728680554,0.9974982079584152,2026-03-07 20:16:06
2000,0.5,7,250005007,270005007,0.0,0.4842405419331044,0.007142226657000526,0.9787504998967052,2026-03-07 20:16:06
2000,0.5,2,250005002,270005002,0.0,0.49415308400057256,0.006101539412291617,0.9344087080098689,2026-03-07 20:16:06
2000,0.5,5,250005005,270005005,0.0,0.47520629200153053,0.009848623129181167,0.9100152920000255,2026-03-07 20:16:06
2000,0.5,11,250005011,270005011,0.0,0.4915487919934094,0.002764070620273254,0.8596157908905298,2026-03-07 20:16:08
2000,0.5,10,250005010,270005010,0.0,0.48337266710586846,0.010207237023058861,1.01903700013645,2026-03-07 20:16:08
2000,0.5,8,250005008,270005008,0.0,0.5524748340249062,0.020420235094317153,0.9108412079513073,2026-03-07 20:16:08
2000,0.5,13,250005013,270005013,0.0,0.4794887909665704,0.011184224573296313,0.8529128341469914,2026-03-07 20:16:08
2000,0.5,15,250005015,270005015,0.0,0.4882372091524303,0.0058945113945221665,0.8706312498543411,2026-03-07 20:16:09
2000,0.5,12,250005012,270005012,0.0,0.4818547908216715,0.005309200539814448,0.9015912089962512,2026-03-07 20:16:09
2000,0.5,14,250005014,270005014,0.0,0.5407720420043916,0.006649776479376883,0.9088709591887891,2026-03-07 20:16:09
2000,0.5,9,250005009,270005009,0.0,0.47104624984785914,0.012523899591521698,0.950769665883854,2026-03-07 20:16:09
2000,0.5,18,250005018,270005018,0.0,0.37683699978515506,0.0012680183362730943,0.6152555409353226,2026-03-07 20:16:10
2000,0.5,16,250005016,270005016,0.0,0.4210395831614733,0.01446467945695276,0.6119247500319034,2026-03-07 20:16:10
2000,0.5,19,250005019,270005019,0.0,0.4123718747869134,0.003450345543729494,0.5934105000924319,2026-03-07 20:16:10
2000,0.5,17,250005017,270005017,0.0,0.48745383392088115,0.004300156106941603,0.6036512500140816,2026-03-07 20:16:10
2000,1.0,1,250010001,270010001,0.0,0.39515341608785093,0.011037691168524127,0.8354188750963658,2026-03-07 20:16:15
2000,1.0,3,250010003,270010003,0.0,0.4270856250077486,0.005366260630336716,0.8318880409933627,2026-03-07 20:16:15
2000,1.0,4,250010004,270010004,0.0,0.41995570808649063,0.006996951080120613,0.8919411250390112,2026-03-07 20:16:15
2000,1.0,0,250010000,270010000,0.0,0.42002220801077783,0.00781152166507379,0.8600555411539972,2026-03-07 20:16:15
2000,1.0,7,250010007,270010007,0.0,0.4187789170537144,0.004014474247565184,0.9548050418961793,2026-03-07 20:16:15
2000,1.0,5,250010005,270010005,0.0,0.3996119168587029,0.00602731789031017,0.9380027500446886,2026-03-07 20:16:15
2000,1.0,6,250010006,270010006,0.0,0.44041375000961125,0.007447546815274807,0.8230647090822458,2026-03-07 20:16:15
2000,1.0,2,250010002,270010002,0.0,0.41664125001989305,0.023035903526442754,0.8290933328680694,2026-03-07 20:16:15
2000,1.0,10,250010010,270010010,0.0,0.45395770808681846,0.00423133766904021,0.7721119578927755,2026-03-07 20:16:17
2000,1.0,9,250010009,270010009,0.0,0.3926258331630379,0.0045077882231020034,0.7862006248906255,2026-03-07 20:16:17
2000,1.0,11,250010011,270010011,0.0,0.4362072909716517,0.002916798389159052,0.8696791669353843,2026-03-07 20:16:17
2000,1.0,14,250010014,270010014,0.0,0.43171829101629555,0.003977284466054049,0.8213941662106663,2026-03-07 20:16:17
2000,1.0,13,250010013,270010013,0.0,0.4407132922206074,0.007813171810172478,0.7618836669716984,2026-03-07 20:16:17
2000,1.0,15,250010015,270010015,0.0,0.4712863750755787,0.002467275166606107,0.7450872499030083,2026-03-07 20:16:17
2000,1.0,12,250010012,270010012,0.0,0.4344687908887863,0.008473491397444395,0.7712811250239611,2026-03-07 20:16:17
2000,1.0,8,250010008,270010008,0.0,0.4625438340008259,0.012894030589517925,0.8410370000638068,2026-03-07 20:16:17
2000,1.0,17,250010017,270010017,0.0,0.3942247498780489,0.003479281315155367,0.5426040829624981,2026-03-07 20:16:19
2000,1.0,16,250010016,270010016,0.0,0.4229917908087373,0.0037084506839651036,0.5444032920058817,2026-03-07 20:16:19
2000,1.0,19,250010019,270010019,0.0,0.3526354997884482,0.004018906155928768,0.5548830409534276,2026-03-07 20:16:19
2000,1.0,18,250010018,270010018,0.0,0.3646110419649631,0.00568186232719597,0.5320302918553352,2026-03-07 20:16:19
200,0.1,0,70001000,90001000,0.0,0.024810999864712358,0.2454359045590229,0.03316654218360782,2026-03-08 01:46:55
200,0.1,1,70001001,90001001,0.0,0.015095500042662024,0.5719026837069225,0.0555344158783555,2026-03-08 01:46:55
200,0.1,3,70001003,90001003,0.0,0.024933417094871402,0.6825755845922248,0.04046375001780689,2026-03-08 01:46:55
200,0.1,5,70001005,90001005,0.0,0.022966000018641353,0.3949759859443283,0.030781750101596117,2026-03-08 01:46:55
200,0.1,4,70001004,90001004,0.0,0.02561412495560944,0.2924705844627921,0.029969791881740093,2026-03-08 01:46:55
200,0.1,6,70001006,90001006,0.0,0.012600500136613846,0.3657967592886726,0.032377124996855855,2026-03-08 01:46:55
200,0.1,7,70001007,90001007,0.0,0.014766791136935353,0.32148926724924787,0.03597437497228384,2026-03-08 01:46:55
200,0.1,8,70001008,90001008,0.0,0.015037749893963337,2.268000449490336,0.03103349986486137,2026-03-08 01:46:55
200,0.1,9,70001009,90001009,0.0,0.01563504198566079,0.836426789214416,0.03380720806308091,2026-03-08 01:46:55
200,0.1,11,70001011,90001011,0.0,0.013685458106920123,0.38571529550295625,0.02991958404891193,2026-03-08 01:46:55
200,0.1,10,70001010,90001010,0.0,0.008427624823525548,1.6997939435880565,0.0380345000885427,2026-03-08 01:46:55
200,0.1,12,70001012,90001012,0.0,0.019343541003763676,1.0276425677989907,0.02615608391351998,2026-03-08 01:46:55
200,0.1,2,70001002,90001002,0.0,0.03456500009633601,0.34846255905526446,0.13837820896878839,2026-03-08 01:46:55
200,0.1,13,70001013,90001013,0.0,0.012689708964899182,0.5486766752284056,0.032137082889676094,2026-03-08 01:46:55
200,0.1,18,70001018,90001018,0.0,0.008741999976336956,0.32711583728256444,0.02226995793171227,2026-03-08 01:46:55
200,0.1,15,70001015,90001015,0.0,0.014933916972950101,0.18465612137937948,0.0243927501142025,2026-03-08 01:46:55
200,0.1,14,70001014,90001014,0.0,0.015380125027149916,0.11169433441670948,0.03649708302691579,2026-03-08 01:46:55
200,0.1,17,70001017,90001017,0.0,0.02167237503454089,0.7217447013260437,0.026930749882012606,2026-03-08 01:46:55
200,0.1,16,70001016,90001016,0.0,0.016260500065982342,0.8150105007554131,0.041649040998890996,2026-03-08 01:46:55
200,0.1,19,70001019,90001019,0.0,0.012060333043336868,0.7981009040492014,0.019614167045801878,2026-03-08 01:46:55
200,0.2,1,70002001,90002001,0.0,0.014523959020152688,0.09156543015518621,0.030194208025932312,2026-03-08 01:46:58
200,0.2,0,70002000,90002000,0.0,0.023514207918196917,0.11210636795322187,0.0342037919908762,2026-03-08 01:46:58
200,0.2,3,70002003,90002003,0.0,0.013069584034383297,0.2677807966389229,0.019115790957584977,2026-03-08 01:46:58
200,0.2,2,70002002,90002002,0.0,0.020246666856110096,0.12410598340629755,0.03734308294951916,2026-03-08 01:46:58
200,0.2,6,70002006,90002006,0.0,0.00830954103730619,0.2984753648203146,0.0215957909822464,2026-03-08 01:46:58
200,0.2,4,70002004,90002004,0.0,0.01491029211319983,0.048182773680576725,0.03462670813314617,2026-03-08 01:46:58
200,0.2,7,70002007,90002007,0.0,0.010853500105440617,0.1008713030546334,0.04643233399838209,2026-03-08 01:46:58
200,0.2,5,70002005,90002005,0.0,0.030698291957378387,0.10212915535069897,0.03932529198937118,2026-03-08 01:46:58
200,0.2,11,70002011,90002011,0.0,0.019360083155333996,0.1460445623220335,0.03273504204116762,2026-03-08 01:46:58
200,0.2,10,70002010,90002010,0.0,0.012957790866494179,0.24798610265114968,0.04750662506558001,2026-03-08 01:46:58
200,0.2,9,70002009,90002009,0.0,0.01879441598430276,0.13910729297757757,0.04282391699962318,2026-03-08 01:46:58
200,0.2,12,70002012,90002012,0.0,0.02883587498217821,0.11045580166037024,0.04341949988156557,2026-03-08 01:46:58
200,0.2,8,70002008,90002008,0.0,0.021199207985773683,0.10956377408664558,0.06598033290356398,2026-03-08 01:46:58
200,0.2,13,70002013,90002013,0.0,0.024955958826467395,0.18192157676042345,0.03497404186055064,2026-03-08 01:46:58
200,0.2,14,70002014,90002014,0.0,0.014689791016280651,0.08311879994877745,0.046652625082060695,2026-03-08 01:46:58
200,0.2,16,70002016,90002016,0.0,0.00982212508097291,0.046129390983749866,0.03452229197137058,2026-03-08 01:46:58
200,0.2,15,70002015,90002015,0.0,0.022277458105236292,0.15253003105857235,0.031002833042293787,2026-03-08 01:46:58
200,0.2,19,70002019,90002019,0.0,0.014862624928355217,0.09737474586177278,0.031479666009545326,2026-03-08 01:46:58
200,0.2,17,70002017,90002017,0.0,0.03187775006517768,0.14868054465382077,0.030985041055828333,2026-03-08 01:46:58
200,0.2,18,70002018,90002018,0.0,0.021894041914492846,0.13067850992987828,0.04066362511366606,2026-03-08 01:46:58
200,0.5,0,70005000,90005000,0.0,0.014743208885192871,0.04009363750838519,0.04294604086317122,2026-03-08 01:47:01
200,0.5,1,70005001,90005001,0.0,0.019142249831929803,0.0607614753982398,0.032470582984387875,2026-03-08 01:47:01
200,0.5,2,70005002,90005002,0.0,0.019139915937557817,0.052865547253103135,0.029514458030462265,2026-03-08 01:47:01
200,0.5,3,70005003,90005003,0.0,0.008546500001102686,0.022589623456434067,0.04444275004789233,2026-03-08 01:47:01
200,0.5,4,70005004,90005004,0.0,0.016159000108018517,0.04289465617557121,0.03838358307257295,2026-03-08 01:47:01
200,0.5,5,70005005,90005005,0.0,0.016575083835050464,0.06367218308764647,0.0314687080681324,2026-03-08 01:47:01
200,0.5,6,70005006,90005006,0.0,0.015221208101138473,0.02329987158760924,0.03480458399280906,2026-03-08 01:47:01
200,0.5,7,70005007,90005007,0.0,0.0212503750808537,0.05682478945071292,0.034242209047079086,2026-03-08 01:47:01
200,0.5,9,70005009,90005009,0.0,0.01146212499588728,0.05713607824085912,0.04105258313938975,2026-03-08 01:47:01
200,0.5,8,70005008,90005008,0.0,0.01750112511217594,0.07559427448160007,0.038674207869917154,2026-03-08 01:47:01
200,0.5,10,70005010,90005010,0.0,0.019819000037387013,0.017014992535493836,0.05001683393493295,2026-03-08 01:47:01
200,0.5,13,70005013,90005013,0.0,0.01144595816731453,0.02071928023067168,0.03650162508711219,2026-03-08 01:47:01
200,0.5,11,70005011,90005011,0.0,0.020251916954293847,0.07014147507342719,0.03799395798705518,2026-03-08 01:47:01
200,0.5,12,70005012,90005012,0.0,0.01761962496675551,0.07174268661444591,0.04420791706070304,2026-03-08 01:47:01
200,0.5,14,70005014,90005014,0.0,0.015288917114958167,0.022884589433925816,0.033686749869957566,2026-03-08 01:47:01
200,0.5,16,70005016,90005016,0.0,0.013887875014916062,0.013981574309265317,0.030745582887902856,2026-03-08 01:47:01
200,0.5,15,70005015,90005015,0.0,0.019787041936069727,0.04080572968823027,0.028672500047832727,2026-03-08 01:47:01
200,0.5,17,70005017,90005017,0.0,0.015233500162139535,0.047514211360867475,0.022595291025936604,2026-03-08 01:47:01
200,0.5,18,70005018,90005018,0.0,0.012391709024086595,0.035682933678985874,0.023859709035605192,2026-03-08 01:47:01
200,0.5,19,70005019,90005019,0.0,0.012569791870191693,0.021902933443631714,0.021849666954949498,2026-03-08 01:47:01
200,1.0,0,70010000,90010000,0.0,0.014244250021874905,0.011286936427428,0.05011637508869171,2026-03-08 01:47:04
200,1.0,1,70010001,90010001,0.0,0.020292583154514432,0.05026966553497512,0.047785833943635225,2026-03-08 01:47:04
200,1.0,2,70010002,90010002,0.0,0.016397917177528143,0.0422882620759669,0.05176733294501901,2026-03-08 01:47:04
200,1.0,4,70010004,90010004,0.0,0.013485500123351812,0.04002318006804893,0.03931983304210007,2026-03-08 01:47:04
200,1.0,3,70010003,90010003,0.0,0.019782250048592687,0.03046090122552616,0.04492179094813764,2026-03-08 01:47:04
200,1.0,6,70010006,90010006,0.0,0.012742999941110611,0.01172166009021399,0.04934804211370647,2026-03-08 01:47:04
200,1.0,5,70010005,90010005,0.0,0.01407400006428361,0.009310858692489321,0.04408704093657434,2026-03-08 01:47:04
200,1.0,9,70010009,90010009,0.0,0.013267999980598688,0.08432688160478398,0.034279834013432264,2026-03-08 01:47:04
200,1.0,7,70010007,90010007,0.0,0.017041959101334214,0.1263390031393228,0.05645966692827642,2026-03-08 01:47:04
200,1.0,10,70010010,90010010,0.0,0.018572584027424455,0.020365163735471644,0.05040354188531637,2026-03-08 01:47:04
200,1.0,8,70010008,90010008,0.0,0.032658749958500266,0.08487732522968199,0.05790158384479582,2026-03-08 01:47:04
200,1.0,11,70010011,90010011,0.0,0.02640112512744963,0.029807758212444174,0.03357924986630678,2026-03-08 01:47:04
200,1.0,14,70010014,90010014,0.0,0.01699479203671217,0.01986460204929745,0.0354911251924932,2026-03-08 01:47:04
200,1.0,12,70010012,90010012,0.0,0.021986457984894514,0.01912034969094269,0.05195175018161535,2026-03-08 01:47:04
200,1.0,17,70010017,90010017,0.0,0.012076333863660693,0.015867639743523697,0.03339137486182153,2026-03-08 01:47:04
200,1.0,13,70010013,90010013,0.0,0.043393957894295454,0.04378355291892053,0.040373208932578564,2026-03-08 01:47:04
200,1.0,16,70010016,90010016,0.0,0.023575458209961653,0.0350333692348848,0.03294841595925391,2026-03-08 01:47:04
200,1.0,15,70010015,90010015,0.0,0.0405434591230005,0.014110202087025361,0.027604166883975267,2026-03-08 01:47:04
200,1.0,19,70010019,90010019,0.0,0.02057395805604756,0.03472044772363317,0.024466583039611578,2026-03-08 01:47:04
200,1.0,18,70010018,90010018,0.0,0.020575708942487836,0.02213681119780521,0.029587082797661424,2026-03-08 01:47:04
500,0.1,0,100001000,120001000,0.0,0.05778529099188745,0.32619310135542834,0.1162034161388874,2026-03-08 01:47:08
500,0.1,1,100001001,120001001,0.0,0.052891582949087024,0.09672219333349927,0.13254750007763505,2026-03-08 01:47:08
500,0.1,2,100001002,120001002,0.0,0.048322249902412295,0.030278432897515757,0.13389150006696582,2026-03-08 01:47:08
500,0.1,3,100001003,120001003,0.0,0.06847087503410876,0.11332554049131911,0.16434583300724626,2026-03-08 01:47:08
500,0.1,4,100001004,120001004,0.0,0.05532233393751085,0.1138622231206988,0.1396492919884622,2026-03-08 01:47:08
500,0.1,5,100001005,120001005,0.0,0.06544291717000306,0.15234612425587327,0.12697929190471768,2026-03-08 01:47:08
500,0.1,6,100001006,120001006,0.0,0.051214874954894185,0.09353888151779002,0.14228612510487437,2026-03-08 01:47:08
500,0.1,7,100001007,120001007,0.0,0.05125837493687868,0.2034117012379521,0.12363670906051993,2026-03-08 01:47:08
500,0.1,8,100001008,120001008,0.0,0.05190695798955858,0.15901252302237556,0.13697824999690056,2026-03-08 01:47:08
500,0.1,9,100001009,120001009,0.0,0.07218841696158051,0.09588834173890366,0.13652437482960522,2026-03-08 01:47:08
500,0.1,10,100001010,120001010,0.0,0.07200591592118144,0.1559445055445384,0.11208000010810792,2026-03-08 01:47:08
500,0.1,12,100001012,120001012,0.0,0.06472370796836913,0.11685242387252899,0.13305458379909396,2026-03-08 01:47:08
500,0.1,11,100001011,120001011,0.0,0.057708292035385966,0.18389850589489146,0.1414364161901176,2026-03-08 01:47:08
500,0.1,14,100001014,120001014,0.0,0.059440541081130505,0.10548233258078596,0.11809016694314778,2026-03-08 01:47:08
500,0.1,13,100001013,120001013,0.0,0.07270424999296665,0.5084544890381988,0.12020100001245737,2026-03-08 01:47:08
500,0.1,15,100001015,120001015,0.0,0.04923308314755559,0.0857568621518356,0.11857675015926361,2026-03-08 01:47:08
500,0.1,16,100001016,120001016,0.0,0.0582889998331666,0.05716362136003263,0.12724533304572105,2026-03-08 01:47:09
500,0.1,18,100001018,120001018,0.0,0.048363333102315664,0.06090841695921881,0.10142149985767901,2026-03-08 01:47:09
500,0.1,17,100001017,120001017,0.0,0.05620137508958578,0.14448583348726057,0.11362041695974767,2026-03-08 01:47:09
500,0.1,19,100001019,120001019,0.0,0.04742874996736646,0.19013635395082348,0.06878108298406005,2026-03-08 01:47:09
500,0.2,0,100002000,120002000,0.0,0.06752708391286433,0.044179878449653674,0.1476145419292152,2026-03-08 01:47:11
500,0.2,1,100002001,120002001,0.0,0.056009041145443916,0.031200958717340535,0.17933191685006022,2026-03-08 01:47:11
500,0.2,4,100002004,120002004,0.0,0.05784133402630687,0.01614474112741147,0.1328734578564763,2026-03-08 01:47:11
500,0.2,2,100002002,120002002,0.0,0.05195412482134998,0.058244481923742854,0.15568687510676682,2026-03-08 01:47:11
500,0.2,5,100002005,120002005,0.0,0.0650193749461323,0.03278121724375032,0.14282362489029765,2026-03-08 01:47:12
500,0.2,3,100002003,120002003,0.0,0.06645383383147418,0.06503466763165755,0.17391916690394282,2026-03-08 01:47:12
500,0.2,6,100002006,120002006,0.0,0.08263241709209979,0.01045506635769902,0.14923287485726178,2026-03-08 01:47:12
500,0.2,7,100002007,120002007,0.0,0.06739616603590548,0.013078031362565372,0.14949887502007186,2026-03-08 01:47:12
500,0.2,8,100002008,120002008,0.0,0.07170079206116498,0.03319005004733966,0.16161683411337435,2026-03-08 01:47:12
500,0.2,9,100002009,120002009,0.0,0.06974120787344873,0.03448256101515476,0.12875970802269876,2026-03-08 01:47:12
500,0.2,10,100002010,120002010,0.0,0.04880233318544924,0.07163565721343242,0.1423459998331964,2026-03-08 01:47:12
500,0.2,11,100002011,120002011,0.0,0.05143879191018641,0.05908134762473809,0.13704250007867813,2026-03-08 01:47:12
500,0.2,12,100002012,120002012,0.0,0.07874404196627438,0.030094479805398082,0.11557279201224446,2026-03-08 01:47:12
500,0.2,13,100002013,120002013,0.0,0.06672924989834428,0.05367699642865969,0.11370974988676608,2026-03-08 01:47:12
500,0.2,15,100002015,120002015,0.0,0.05629983311519027,0.04245525619236194,0.11310670804232359,2026-03-08 01:47:12
500,0.2,16,100002016,120002016,0.0,0.043737584026530385,0.05790275447878692,0.12378729204647243,2026-03-08 01:47:12
500,0.2,14,100002014,120002014,0.0,0.0700670420192182,0.048525102148080236,0.14432212500832975,2026-03-08 01:47:12
500,0.2,17,100002017,120002017,0.0,0.04752649995498359,0.0516140230976376,0.09606899996288121,2026-03-08 01:47:12
500,0.2,19,100002019,120002019,0.0,0.05575658311136067,0.04013094650645118,0.08211833285167813,2026-03-08 01:47:12
500,0.2,18,100002018,120002018,0.0,0.04659145907498896,0.06274153372528914,0.09914391697384417,2026-03-08 01:47:12
500,0.5,0,100005000,120005000,0.0,0.07933958410285413,0.0156843350610607,0.129077916033566,2026-03-08 01:47:15
500,0.5,1,100005001,120005001,0.0,0.08279149979352951,0.07142851172315139,0.11814120900817215,2026-03-08 01:47:15
500,0.5,3,100005003,120005003,0.0,0.04655108414590359,0.03473617972679345,0.12006149999797344,2026-03-08 01:47:15
500,0.5,2,100005002,120005002,0.0,0.06931387493386865,0.06961409247010109,0.14693245803937316,2026-03-08 01:47:15
500,0.5,4,100005004,120005004,0.0,0.059117167023941875,0.015658044194139284,0.13540837517939508,2026-03-08 01:47:15
500,0.5,6,100005006,120005006,0.0,0.06211583293043077,0.018929839499501618,0.1422185420524329,2026-03-08 01:47:15
500,0.5,5,100005005,120005005,0.0,0.060649333987385035,0.029972648653495654,0.16306525003165007,2026-03-08 01:47:15
500,0.5,7,100005007,120005007,0.0,0.05635583307594061,0.008002801365011159,0.1418931670486927,2026-03-08 01:47:15
500,0.5,8,100005008,120005008,0.0,0.07910387497395277,0.0379073400905136,0.14025550009682775,2026-03-08 01:47:15
500,0.5,9,100005009,120005009,0.0,0.10309733403846622,0.013177948321934778,0.1602479168213904,2026-03-08 01:47:15
500,0.5,10,100005010,120005010,0.0,0.05727595905773342,0.019132523024242457,0.1545608330052346,2026-03-08 01:47:15
500,0.5,11,100005011,120005011,0.0,0.04770695813931525,0.013468297194436173,0.17176341684535146,2026-03-08 01:47:15
500,0.5,13,100005013,120005013,0.0,0.07429162506014109,0.016298307402078844,0.12292724987491965,2026-03-08 01:47:15
500,0.5,12,100005012,120005012,0.0,0.08146450016647577,0.014833077630567073,0.17323637497611344,2026-03-08 01:47:15
500,0.5,14,100005014,120005014,0.0,0.08302508410997689,0.015772487979579267,0.19857929204590619,2026-03-08 01:47:15
500,0.5,16,100005016,120005016,0.0,0.0824566250666976,0.014478849765515835,0.09609358315356076,2026-03-08 01:47:15
500,0.5,15,100005015,120005015,0.0,0.05966483289375901,0.034421613442189504,0.21304324991069734,2026-03-08 01:47:15
500,0.5,17,100005017,120005017,0.0,0.0504674999974668,0.016403254307586847,0.12469374993816018,2026-03-08 01:47:15
500,0.5,18,100005018,120005018,0.0,0.05176387494429946,0.016781741459368286,0.11836350010707974,2026-03-08 01:47:15
500,0.5,19,100005019,120005019,0.0,0.05629441584460437,0.039664924201779035,0.10736516700126231,2026-03-08 01:47:15
500,1.0,0,100010000,120010000,0.0,0.0597140840254724,0.014107772280694418,0.09020670899190009,2026-03-08 01:47:19
500,1.0,1,100010001,120010001,0.0,0.05661916616372764,0.031293639578733885,0.1098261249717325,2026-03-08 01:47:19
500,1.0,5,100010005,120010005,0.0,0.03187429113313556,0.010961128505142158,0.10673741693608463,2026-03-08 01:47:19
500,1.0,3,100010003,120010003,0.0,0.041997667169198394,0.009373625122100946,0.11000450002029538,2026-03-08 01:47:19
500,1.0,4,100010004,120010004,0.0,0.05299545801244676,0.025438578674371264,0.0954054999165237,2026-03-08 01:47:19
500,1.0,7,100010007,120010007,0.0,0.039946874836459756,0.011047265889863912,0.10081370803527534,2026-03-08 01:47:19
500,1.0,2,100010002,120010002,0.0,0.050943750189617276,0.00931817288642909,0.14199045905843377,2026-03-08 01:47:19
500,1.0,6,100010006,120010006,0.0,0.053081207908689976,0.01590644425355458,0.10265320795588195,2026-03-08 01:47:19
500,1.0,8,100010008,120010008,0.0,0.03934516594745219,0.01011113678459464,0.12406687485054135,2026-03-08 01:47:19
500,1.0,13,100010013,120010013,0.0,0.031849791994318366,0.008115731817213959,0.07594874990172684,2026-03-08 01:47:19
500,1.0,11,100010011,120010011,0.0,0.03204758418723941,0.03205875745459284,0.09897087491117418,2026-03-08 01:47:19
500,1.0,9,100010009,120010009,0.0,0.047520834021270275,0.01594361968864346,0.1147348340600729,2026-03-08 01:47:19
500,1.0,12,100010012,120010012,0.0,0.05163920810446143,0.033735188592599184,0.08978562499396503,2026-03-08 01:47:19
500,1.0,14,100010014,120010014,0.0,0.05164833413437009,0.010921746983927772,0.10467425012029707,2026-03-08 01:47:19
500,1.0,10,100010010,120010010,0.0,0.07067187502980232,0.020479657748413333,0.10013783304020762,2026-03-08 01:47:19
500,1.0,15,100010015,120010015,0.0,0.05032754107378423,0.02415766068379913,0.10651258402504027,2026-03-08 01:47:19
500,1.0,16,100010016,120010016,0.0,0.04853845783509314,0.015232469275041481,0.07890149997547269,2026-03-08 01:47:19
500,1.0,17,100010017,120010017,0.0,0.04037654213607311,0.05554429498595329,0.06772495899349451,2026-03-08 01:47:19
500,1.0,18,100010018,120010018,0.0,0.03998645814135671,0.018771999865269135,0.0686111671384424,2026-03-08 01:47:19
500,1.0,19,100010019,120010019,0.0,0.039347791811451316,0.010545140575633084,0.069313625106588,2026-03-08 01:47:19
1000,0.1,4,150001004,170001004,0.0,0.20290858298540115,0.02525167934582061,0.4148962500039488,2026-03-08 01:47:23
1000,0.1,5,150001005,170001005,0.0,0.19667791691608727,0.049961942472678246,0.4070044581312686,2026-03-08 01:47:23
1000,0.1,0,150001000,170001000,0.0,0.16520150005817413,0.10711252546389724,0.4901381661184132,2026-03-08 01:47:23
1000,0.1,3,150001003,170001003,0.0,0.19021954108029604,0.04494443231612639,0.46778199984692037,2026-03-08 01:47:23
1000,0.1,6,150001006,170001006,0.0,0.1910280839074403,0.043728297885925846,0.4203375419601798,2026-03-08 01:47:23
1000,0.1,7,150001007,170001007,0.0,0.19555866718292236,0.03146706893802649,0.45213504205457866,2026-03-08 01:47:23
1000,0.1,1,150001001,170001001,0.0,0.17320820805616677,0.09613176806112568,0.46249112486839294,2026-03-08 01:47:23
1000,0.1,2,150001002,170001002,0.0,0.20608625002205372,0.07307683586139141,0.4397780841682106,2026-03-08 01:47:23
1000,0.1,10,150001010,170001010,0.0,0.19793987507000566,0.04438125936988465,0.3458677919115871,2026-03-08 01:47:24
1000,0.1,8,150001008,170001008,0.0,0.21222058311104774,0.038419357005056796,0.44740541698411107,2026-03-08 01:47:24
1000,0.1,11,150001011,170001011,0.0,0.18841887498274446,0.04429986438881965,0.45788816711865366,2026-03-08 01:47:24
1000,0.1,13,150001013,170001013,0.0,0.16045454097911716,0.04839548952685932,0.3936009160242975,2026-03-08 01:47:24
1000,0.1,9,150001009,170001009,0.0,0.19205320812761784,0.049003241875771805,0.42894474999047816,2026-03-08 01:47:24
1000,0.1,14,150001014,170001014,0.0,0.22313362499698997,0.03410596016898455,0.3924189580138773,2026-03-08 01:47:24
1000,0.1,12,150001012,170001012,0.0,0.20574958412908018,0.0815524430773305,0.38138520903885365,2026-03-08 01:47:24
1000,0.1,15,150001015,170001015,0.0,0.21535266702994704,0.0537416509372239,0.40834475005976856,2026-03-08 01:47:24
1000,0.1,17,150001017,170001017,0.0,0.20332650002092123,0.026610186355666175,0.229215000057593,2026-03-08 01:47:25
1000,0.1,19,150001019,170001019,0.0,0.15019629197195172,0.06671049886213783,0.24066400015726686,2026-03-08 01:47:25
1000,0.1,16,150001016,170001016,0.0,0.20779474987648427,0.18122933889621498,0.2770843340549618,2026-03-08 01:47:25
1000,0.1,18,150001018,170001018,0.0,0.16090991697274148,0.0425348266958547,0.2522740832064301,2026-03-08 01:47:25
1000,0.2,1,150002001,170002001,0.0,0.13443175004795194,0.007428346879838214,0.30343845882453024,2026-03-08 01:47:28
1000,0.2,2,150002002,170002002,0.0,0.1608465830795467,0.015254929268502426,0.2990135420113802,2026-03-08 01:47:29
1000,0.2,0,150002000,170002000,0.0,0.17055895901285112,0.015123811219606875,0.3272758750244975,2026-03-08 01:47:29
1000,0.2,3,150002003,170002003,0.0,0.16874904185533524,0.018950642670691232,0.31661337497644126,2026-03-08 01:47:29
1000,0.2,4,150002004,170002004,0.0,0.15674662496894598,0.012001650609497271,0.317801957949996,2026-03-08 01:47:29
1000,0.2,5,150002005,170002005,0.0,0.1632495829835534,0.026513176362227733,0.3271929589100182,2026-03-08 01:47:29
1000,0.2,6,150002006,170002006,0.0,0.19925245782360435,0.016884579819031856,0.3253314581234008,2026-03-08 01:47:29
1000,0.2,7,150002007,170002007,0.0,0.15003904118202627,0.028313743233180873,0.3314498330000788,2026-03-08 01:47:29
1000,0.2,8,150002008,170002008,0.0,0.14072658284567297,0.02701819628946297,0.3061560830101371,2026-03-08 01:47:29
1000,0.2,10,150002010,170002010,0.0,0.13284049998037517,0.020055236600318688,0.31090287514962256,2026-03-08 01:47:29
1000,0.2,9,150002009,170002009,0.0,0.15798183297738433,0.026115326319112425,0.29963150015100837,2026-03-08 01:47:29
1000,0.2,11,150002011,170002011,0.0,0.12707366701215506,0.012699343349098837,0.30541687505319715,2026-03-08 01:47:29
1000,0.2,12,150002012,170002012,0.0,0.16019149986095726,0.024540061376740387,0.25941749988123775,2026-03-08 01:47:29
1000,0.2,14,150002014,170002014,0.0,0.15468154195696115,0.011453288410329355,0.25310783297754824,2026-03-08 01:47:29
1000,0.2,13,150002013,170002013,0.0,0.17059049988165498,0.015728083206388205,0.3324680000077933,2026-03-08 01:47:29
1000,0.2,15,150002015,170002015,0.0,0.16570574999786913,0.05554096683364169,0.3009814170654863,2026-03-08 01:47:30
1000,0.2,16,150002016,170002016,0.0,0.12655725004151464,0.01292179548651373,0.24020450003445148,2026-03-08 01:47:30
1000,0.2,17,150002017,170002017,0.0,0.13380274991504848,0.01672956335425635,0.2052847919985652,2026-03-08 01:47:30
1000,0.2,19,150002019,170002019,0.0,0.12022954202257097,0.022480550777633244,0.20480745821259916,2026-03-08 01:47:30
1000,0.2,18,150002018,170002018,0.0,0.12120337504893541,0.04459070629744666,0.2227074580732733,2026-03-08 01:47:30
1000,0.5,0,150005000,170005000,0.0,0.15478633297607303,0.011312426470750803,0.5255446250084788,2026-03-08 01:47:33
1000,0.5,6,150005006,170005006,0.0,0.18456345796585083,0.009051872690601566,0.32882804214023054,2026-03-08 01:47:33
1000,0.5,1,150005001,170005001,0.0,0.268854791065678,0.010517743053540288,0.42813862510956824,2026-03-08 01:47:33
1000,0.5,3,150005003,170005003,0.0,0.24809274985454977,0.009739844571443435,0.42947479081340134,2026-03-08 01:47:34
1000,0.5,4,150005004,170005004,0.0,0.23572283308021724,0.004366999602475497,0.4638135409913957,2026-03-08 01:47:34
1000,0.5,5,150005005,170005005,0.0,0.24298633285798132,0.01470627799694643,0.3410227498970926,2026-03-08 01:47:34
1000,0.5,7,150005007,170005007,0.0,0.2563868339639157,0.013433964616574685,0.33731870888732374,2026-03-08 01:47:34
1000,0.5,2,150005002,170005002,0.0,0.24780708295293152,0.0061693658858302915,0.4192239160183817,2026-03-08 01:47:34
1000,0.5,8,150005008,170005008,0.0,0.13268691604025662,0.020156341104314975,0.4294097500387579,2026-03-08 01:47:34
1000,0.5,11,150005011,170005011,0.0,0.12837454210966825,0.023476275245943604,0.2963309169281274,2026-03-08 01:47:34
1000,0.5,13,150005013,170005013,0.0,0.27767875022254884,0.0256803601941453,0.25718312500976026,2026-03-08 01:47:34
1000,0.5,10,150005010,170005010,0.0,0.10511999996379018,0.004615196567852792,0.5528758750297129,2026-03-08 01:47:34
1000,0.5,12,150005012,170005012,0.0,0.20395241607911885,0.022867401370398346,0.31452625012025237,2026-03-08 01:47:34
1000,0.5,14,150005014,170005014,0.0,0.2714196660090238,0.010843116603376885,0.36601320817135274,2026-03-08 01:47:34
1000,0.5,9,150005009,170005009,0.0,0.20693258405663073,0.015869329826781697,0.3587687499821186,2026-03-08 01:47:34
1000,0.5,15,150005015,170005015,0.0,0.2706059168558568,0.011622929824798902,0.38965979195199907,2026-03-08 01:47:35
1000,0.5,16,150005016,170005016,0.0,0.1849389998242259,0.00462971569016267,0.22357258293777704,2026-03-08 01:47:35
1000,0.5,17,150005017,170005017,0.0,0.1258514579385519,0.013090648546840913,0.23872583406046033,2026-03-08 01:47:35
1000,0.5,18,150005018,170005018,0.0,0.12744841701351106,0.030590322758106483,0.2093319999985397,2026-03-08 01:47:35
1000,0.5,19,150005019,170005019,0.0,0.13700900017283857,0.01580684003555647,0.1986250418704003,2026-03-08 01:47:35
1000,1.0,1,150010001,170010001,0.0,0.13443291699513793,0.005571809220334635,0.3665592910256237,2026-03-08 01:47:38
1000,1.0,2,150010002,170010002,0.0,0.147022666875273,0.021018189347322292,0.33463199995458126,2026-03-08 01:47:38
1000,1.0,6,150010006,170010006,0.0,0.13265541708096862,0.00433850975724382,0.41588662494905293,2026-03-08 01:47:38
1000,1.0,0,150010000,170010000,0.0,0.1436566251795739,0.01900843858709386,0.36165595799684525,2026-03-08 01:47:38
1000,1.0,4,150010004,170010004,0.0,0.14964383281767368,0.002560274813576427,0.4335674580652267,2026-03-08 01:47:38
1000,1.0,5,150010005,170010005,0.0,0.15016987500712276,0.009389883653385315,0.40841224999167025,2026-03-08 01:47:38
1000,1.0,7,150010007,170010007,0.0,0.2048570408951491,0.01557755051393442,0.2857648751232773,2026-03-08 01:47:38
1000,1.0,3,150010003,170010003,0.0,0.13857583398930728,0.03220277737770341,0.4440112500451505,2026-03-08 01:47:38
1000,1.0,8,150010008,170010008,0.0,0.20351583301089704,0.010863861763736854,0.2746388749219477,2026-03-08 01:47:39
1000,1.0,13,150010013,170010013,0.0,0.10633945791050792,0.005517211489471228,0.31251287506893277,2026-03-08 01:47:39
1000,1.0,9,150010009,170010009,0.0,0.16173275001347065,0.016986015182729908,0.3258209580089897,2026-03-08 01:47:39
1000,1.0,10,150010010,170010010,0.0,0.1915489169768989,0.013678568668935047,0.2528183329850435,2026-03-08 01:47:39
1000,1.0,12,150010012,170010012,0.0,0.1479936249088496,0.015320760355322037,0.34096599998883903,2026-03-08 01:47:39
1000,1.0,14,150010014,170010014,0.0,0.16251137503422797,0.0073568130838919474,0.3411812500562519,2026-03-08 01:47:39
1000,1.0,11,150010011,170010011,0.0,0.17380229104310274,0.01874101877517613,0.30344862514175475,2026-03-08 01:47:39
1000,1.0,15,150010015,170010015,0.0,0.15388950007036328,0.01916992352916756,0.32607750012539327,2026-03-08 01:47:39
1000,1.0,17,150010017,170010017,0.0,0.13361974991858006,0.0035686562772950917,0.22041549999266863,2026-03-08 01:47:39
1000,1.0,18,150010018,170010018,0.0,0.1481810410041362,0.008812869140201816,0.23786641587503254,2026-03-08 01:47:40
1000,1.0,19,150010019,170010019,0.0,0.14028374990448356,0.01452758730545004,0.2219899999909103,2026-03-08 01:47:40
1000,1.0,16,150010016,170010016,0.0,0.15408066613599658,0.020003413087324846,0.24127450003288686,2026-03-08 01:47:40
2000,0.1,0,250001000,270001000,0.0,0.49173275008797646,0.01413292180409233,1.076327209128067,2026-03-08 01:47:46
2000,0.1,1,250001001,270001001,0.0,0.4702683750074357,0.013722917482962848,1.1810284999664873,2026-03-08 01:47:46
2000,0.1,2,250001002,270001002,0.0,0.4904461249243468,0.027052874820227016,1.173992833122611,2026-03-08 01:47:46
2000,0.1,5,250001005,270001005,0.0,0.49329925002530217,0.024173039402784056,1.1578983329236507,2026-03-08 01:47:46
2000,0.1,4,250001004,270001004,0.0,0.4517787080258131,0.026919985119709063,1.1900464158970863,2026-03-08 01:47:46
2000,0.1,3,250001003,270001003,0.0,0.48837937507778406,0.030989068141133534,1.238891249988228,2026-03-08 01:47:46
2000,0.1,7,250001007,270001007,0.0,0.46240354189649224,0.023134495880476304,1.1934982079546899,2026-03-08 01:47:46
2000,0.1,6,250001006,270001006,0.0,0.4682747090701014,0.03126911710636237,1.153062584111467,2026-03-08 01:47:47
2000,0.1,8,250001008,270001008,0.0,0.6698382080066949,0.024661075172718684,1.028675332898274,2026-03-08 01:47:49
2000,0.1,9,250001009,270001009,0.0,0.6127849998883903,0.0175855292161254,1.1652610830496997,2026-03-08 01:47:50
2000,0.1,12,250001012,270001012,0.0,0.5178962079808116,0.019298911347936182,1.0748620419763029,2026-03-08 01:47:50
2000,0.1,10,250001010,270001010,0.0,0.5976832089945674,0.022941444628293332,1.1610640420112759,2026-03-08 01:47:50
2000,0.1,11,250001011,270001011,0.0,0.600648958934471,0.01859105909726142,1.1582837079185992,2026-03-08 01:47:50
2000,0.1,13,250001013,270001013,0.0,0.5907435000408441,0.028033001059814967,1.32952516595833,2026-03-08 01:47:51
2000,0.1,15,250001015,270001015,0.0,0.6457167090848088,0.025990303914082313,1.0691570839844644,2026-03-08 01:47:51
2000,0.1,14,250001014,270001014,0.0,0.5690699170809239,0.04745035221201506,1.06622991617769,2026-03-08 01:47:51
2000,0.1,16,250001016,270001016,0.0,0.5440310419071466,0.014715939493274563,0.8930594590492547,2026-03-08 01:47:52
2000,0.1,18,250001018,270001018,0.0,0.530329667031765,0.022308214605902713,0.8974517500028014,2026-03-08 01:47:52
2000,0.1,17,250001017,270001017,0.0,0.5430106250569224,0.03036515237568201,0.7998242499306798,2026-03-08 01:47:52
2000,0.1,19,250001019,270001019,0.0,0.5571457089390606,0.02348098580460389,0.6934800420422107,2026-03-08 01:47:53
2000,0.2,1,250002001,270002001,0.0,0.4506742500234395,0.01321418705708707,1.1545822920743376,2026-03-08 01:47:59
2000,0.2,6,250002006,270002006,0.0,0.5242733750492334,0.004531815012415417,1.0262474159244448,2026-03-08 01:47:59
2000,0.2,4,250002004,270002004,0.0,0.4859201249200851,0.009414523666477643,1.1905192080885172,2026-03-08 01:47:59
2000,0.2,2,250002002,270002002,0.0,0.48648804100230336,0.00883773289860841,1.1919994170311838,2026-03-08 01:47:59
2000,0.2,0,250002000,270002000,0.0,0.4771829580422491,0.00827952794067111,1.2552875829860568,2026-03-08 01:47:59
2000,0.2,3,250002003,270002003,0.0,0.5290349170099944,0.014603844802305612,1.2361698339227587,2026-03-08 01:47:59
2000,0.2,7,250002007,270002007,0.0,0.5006250001024455,0.01730799184057459,1.1533037081826478,2026-03-08 01:47:59
2000,0.2,5,250002005,270002005,0.0,0.46179387508891523,0.01297318684272167,1.087912666844204,2026-03-08 01:47:59
2000,0.2,9,250002009,270002009,0.0,0.5052332920022309,0.017731815641653003,0.9889375411439687,2026-03-08 01:48:02
2000,0.2,10,250002010,270002010,0.0,0.4778197919949889,0.01200419821337601,0.9743413750547916,2026-03-08 01:48:02
2000,0.2,8,250002008,270002008,0.0,0.4710401250049472,0.009421311497439319,1.1266322501469404,2026-03-08 01:48:02
2000,0.2,12,250002012,270002012,0.0,0.48986641597002745,0.009731067637492338,1.0933358750771731,2026-03-08 01:48:02
2000,0.2,13,250002013,270002013,0.0,0.5393221250269562,0.015544601061302614,0.9690477079711854,2026-03-08 01:48:02
2000,0.2,14,250002014,270002014,0.0,0.5002246249932796,0.008817636752007847,0.9488648329861462,2026-03-08 01:48:02
2000,0.2,11,250002011,270002011,0.0,0.49921145802363753,0.022778308377212446,1.0031579579226673,2026-03-08 01:48:02
2000,0.2,15,250002015,270002015,0.0,0.6196024168748409,0.010068953267145925,1.0028222911059856,2026-03-08 01:48:03
2000,0.2,18,250002018,270002018,0.0,0.6428437079302967,0.004799581473789123,0.7586973749566823,2026-03-08 01:48:04
2000,0.2,19,250002019,270002019,0.0,0.5999604999087751,0.007333672594389262,0.7443705420009792,2026-03-08 01:48:04
2000,0.2,17,250002017,270002017,0.0,0.688183750025928,0.010555493283521924,0.7681108750402927,2026-03-08 01:48:04
2000,0.2,16,250002016,270002016,0.0,0.48260895791463554,0.012472603760185044,0.8242242499254644,2026-03-08 01:48:05
2000,0.5,3,250005003,270005003,0.0,0.46140308305621147,0.009279483757175121,1.1398264169692993,2026-03-08 01:48:10
2000,0.5,6,250005006,270005006,0.0,0.4725917079485953,0.007756054962972963,1.0867723340634257,2026-03-08 01:48:10
2000,0.5,2,250005002,270005002,0.0,0.5250124169979244,0.006101539412291617,1.0354512080084532,2026-03-08 01:48:10
2000,0.5,4,250005004,270005004,0.0,0.4894707081839442,0.0014305532728680554,1.2336064169649035,2026-03-08 01:48:10
2000,0.5,1,250005001,270005001,0.0,0.4863095418550074,0.0032914648309030855,1.197727584047243,2026-03-08 01:48:10
2000,0.5,7,250005007,270005007,0.0,0.4548937091603875,0.007142226657000526,1.1710168330464512,2026-03-08 01:48:10
2000,0.5,0,250005000,270005000,0.0,0.5245800840202719,0.011380636949162866,1.1326714591123164,2026-03-08 01:48:10
2000,0.5,5,250005005,270005005,0.0,0.4584159159567207,0.009848623129181167,1.2097484581172466,2026-03-08 01:48:10
2000,0.5,11,250005011,270005011,0.0,0.45084774983115494,0.002764070620273254,0.802672625053674,2026-03-08 01:48:12
2000,0.5,10,250005010,270005010,0.0,0.4831651251297444,0.010207237023058861,0.9394651660695672,2026-03-08 01:48:13
2000,0.5,8,250005008,270005008,0.0,0.6009137909859419,0.020420235094317153,0.8892977910581976,2026-03-08 01:48:13
2000,0.5,13,250005013,270005013,0.0,0.5091394998598844,0.011184224573296313,0.9150285411160439,2026-03-08 01:48:13
2000,0.5,9,250005009,270005009,0.0,0.43870683293789625,0.012523899591521698,0.8999049582052976,2026-03-08 01:48:13
2000,0.5,14,250005014,270005014,0.0,0.5147387920878828,0.006649776479376883,0.8663683340419084,2026-03-08 01:48:13
2000,0.5,15,250005015,270005015,0.0,0.5344879168551415,0.0058945113945221665,0.879235666943714,2026-03-08 01:48:13
2000,0.5,12,250005012,270005012,0.0,0.45318691711872816,0.005309200539814448,0.9675633332226425,2026-03-08 01:48:13
2000,0.5,16,250005016,270005016,0.0,0.4056400421541184,0.01446467945695276,0.62894312501885,2026-03-08 01:48:14
2000,0.5,18,250005018,270005018,0.0,0.4051617088261992,0.0012680183362730943,0.6767052919603884,2026-03-08 01:48:14
2000,0.5,19,250005019,270005019,0.0,0.37880733306519687,0.003450345543729494,0.6624871247913688,2026-03-08 01:48:15
2000,0.5,17,250005017,270005017,0.0,0.4812615839764476,0.004300156106941603,0.7017598750535399,2026-03-08 01:48:15
2000,1.0,3,250010003,270010003,0.0,0.5084023750387132,0.005366260630336716,0.9965243749320507,2026-03-08 01:48:20
2000,1.0,4,250010004,270010004,0.0,0.6129865839611739,0.006996951080120613,1.018926833057776,2026-03-08 01:48:20
2000,1.0,7,250010007,270010007,0.0,0.6585990409366786,0.004014474247565184,0.9668485838919878,2026-03-08 01:48:20
2000,1.0,1,250010001,270010001,0.0,0.6947435000911355,0.011037691168524127,1.0226361248642206,2026-03-08 01:48:20
2000,1.0,0,250010000,270010000,0.0,0.6748807081021369,0.00781152166507379,1.04680687491782,2026-03-08 01:48:20
2000,1.0,5,250010005,270010005,0.0,0.672608207911253,0.00602731789031017,0.9827885830309242,2026-03-08 01:48:20
2000,1.0,6,250010006,270010006,0.0,0.6378547919448465,0.007447546815274807,1.14031945890747,2026-03-08 01:48:21
2000,1.0,2,250010002,270010002,0.0,0.6758729999419302,0.023035903526442754,0.9993505419697613,2026-03-08 01:48:21
2000,1.0,10,250010010,270010010,0.0,0.5378743750043213,0.00423133766904021,1.1608262499794364,2026-03-08 01:48:23
2000,1.0,9,250010009,270010009,0.0,0.5234015418682247,0.0045077882231020034,1.2409236249513924,2026-03-08 01:48:23
2000,1.0,11,250010011,270010011,0.0,0.5196528329979628,0.002916798389159052,1.1968557501677424,2026-03-08 01:48:24
2000,1.0,8,250010008,270010008,0.0,0.5086563751101494,0.012894030589517925,1.1074805420357734,2026-03-08 01:48:24
2000,1.0,13,250010013,270010013,0.0,0.5612748751882464,0.007813171810172478,1.1880220838356763,2026-03-08 01:48:24
2000,1.0,12,250010012,270010012,0.0,0.525974249932915,0.008473491397444395,1.2546840000431985,2026-03-08 01:48:24
2000,1.0,15,250010015,270010015,0.0,0.594822249840945,0.002467275166606107,1.3213075420353562,2026-03-08 01:48:24
2000,1.0,14,250010014,270010014,0.0,0.6077256670687348,0.003977284466054049,1.1239462080411613,2026-03-08 01:48:24
2000,1.0,16,250010016,270010016,0.0,0.5028638748917729,0.0037084506839651036,0.6156440421473235,2026-03-08 01:48:25
2000,1.0,17,250010017,270010017,0.0,0.5206667499151081,0.003479281315155367,0.7054458330385387,2026-03-08 01:48:25
2000,1.0,19,250010019,270010019,0.0,0.4020398329012096,0.004018906155928768,0.5916057908907533,2026-03-08 01:48:25
2000,1.0,18,250010018,270010018,0.0,0.4662265828810632,0.00568186232719597,0.6104328332003206,2026-03-08 01:48:26
