x1,x2,prob
3.304717079754431,1.9600158937595045,0.09341117597998332
3.7504511958064572,3.940564716391214,0.10258548790658882
1.0489648113461636,1.697820493137682,0.03419516263552961
3.1278404031672853,2.683757407656418,0.14929107589658047
2.983198842495711,2.14695607242642,0.11759799833194329
3.8793979748628287,3.777791935428948,0.10175145954962468
3.066030697561216,4.127241206968033,0.10508757297748124
3.4675093422520455,2.1407075371167616,0.10592160133444536
3.368750784082499,2.041117399171001,0.097581317764804
3.8784503013072724,2.950074089013747,0.11843202668890743
2.8151376364547396,2.3190704555960586,0.1317764804003336
4.222541338674031,2.8454705179311977,0.0884070058381985
2.5716721778368927,2.6478664495117705,0.14428690575479566
3.532309185553349,3.365444064364078,0.13844870725604672
3.412732611595988,3.4308210030078827,0.13761467889908258
5.141647600870462,2.5935849836153846,0.0316930775646372
2.4877572709284625,2.1862272717521223,0.11759799833194329
3.6159794225754958,4.128972292720892,0.09591326105087573
2.886052542345125,2.159843523037472,0.12093411175979983
2.1755187843087604,3.650592787824701,0.097581317764804
3.7432541712034424,3.543154268305195,0.12010008340283569
2.3344902927113056,3.2321613230667197,0.12176814011676397
3.116685809140728,3.218688596729013,0.14762301918265222
3.8714287779481897,3.223595548774682,0.11259382819015847
3.678913563071895,3.0675790694888914,0.12760633861551293
3.289119398689984,3.6312882258385404,0.1292743953294412
1.5428441801443336,2.6803287836426986,0.07756463719766472
2.5296273457072047,2.361122151756658,0.12343619683069225
2.7248577487733163,4.494941311234395,0.07589658048373644
2.1341688843067566,3.968278354591481,0.0817347789824854
1.3171302283841952,2.6651149700142254,0.06255212677231026
3.1627530651050058,3.586222331359278,0.13261050875729774
3.711226579792855,3.793347235199925,0.1134278565471226
2.6512749277515626,2.5376482073354327,0.14428690575479566
3.857975881257154,2.808695675118385,0.11843202668890743
1.7243136766620781,1.8667127859965194,0.061718098415346125
2.0805477139983886,3.497160744053764,0.09674728940783987
3.142425736070565,3.6904853540677682,0.12844036697247707
2.5727473536634657,3.1585396910767143,0.13928273561301086
3.625590393967337,2.6906534602797616,0.12510425354462051
3.4567752375574115,2.3380740589333486,0.12343619683069225
2.6369461534349283,2.618262106001671,0.14678899082568808
1.8041603544109603,3.4869724807855818,0.08006672226855713
2.530597659797276,3.0124941187276875,0.1409507923269391
3.480746658905909,3.446531176029944,0.13761467889908258
3.665385108972786,2.9015145154905766,0.12593828190158465
2.5767016879558464,2.920281789093601,0.14595496246872394
1.3126655660419702,1.5528875275769127,0.03669724770642202
1.6773003876455976,2.0027531723985184,0.06505421184320268
3.3997742267234368,2.0945209446399393,0.10508757297748124
2.6218374459606104,4.299228297786065,0.08090075062552127
2.643736028938574,3.7375155684670864,0.11175979983319433
2.0663823199901232,2.79456244213237,0.11509591326105087
2.049977945089419,2.6609669240994376,0.1134278565471226
3.8403081374573955,1.2726795768076513,0.03836530442035029
3.4344236435458573,3.237735602332278,0.13928273561301086
2.4058500443032056,1.5539421456115454,0.07005838198498748
3.0721295077138695,2.4705072909361974,0.14011676396997497
3.232676211354704,3.021852145523443,0.14762301918265222
4.601778891320915,2.7606443725269756,0.061718098415346125
1.976502507378135,3.179275634956316,0.10508757297748124
3.219996683971765,4.359187575240437,0.0884070058381985
3.8351112459145784,3.3568710591495092,0.1134278565471226
4.463302891219562,1.811236945677149,0.043369474562135114
2.360248467250252,2.073424058594475,0.10091743119266056
2.610190196844232,1.6233138524436912,0.07673060884070058
3.635150946814404,2.7777773029012267,0.12760633861551293
1.5291937054973421,1.9844209187924584,0.057547956630525435
3.3135138474501953,3.8381265678943812,0.12176814011676397
4.9967308916917865,5.91386246600733,0.0016680567139282735
3.4144094332759964,2.010461879968136,0.0950792326939116
0.8679537192686908,3.267711462343836,0.026688907422852376
2.187058904689674,2.584642739820315,0.12093411175979983
2.387903200940192,2.859209113583615,0.13928273561301086
4.065980230787644,3.1570485674453446,0.10008340283569642
2.8413651629613117,1.9643462471741884,0.10592160133444536
1.325317055295643,2.513692090926669,0.060884070058381985
2.9462174491816797,4.7679299135798825,0.0475396163469558
3.1302745214728858,3.9827395110230577,0.11259382819015847
2.500704401460848,1.8150562335829754,0.08340283569641367
2.034883237767628,2.2747739354642467,0.10258548790658882
5.128469732435164,2.178613320775614,0.022518765638031693
3.838489203736345,2.0970728219129735,0.0884070058381985
3.931573012874244,3.384950966105863,0.10592160133444536
2.8433621023419096,2.959237473864566,0.1501251042535446
2.3452123045706097,3.4460722014820804,0.11009174311926606
2.54501651965922,1.7743942362327518,0.08256880733944955
1.7220624256803807,3.1725879177221197,0.08423686405337781
4.579091256410435,3.159991613573438,0.058381984987489574
2.8813616738901175,3.285826139602543,0.14845704753961636
4.306001741706825,3.219382501363856,0.08090075062552127
2.589072769166263,4.106288710059889,0.09257714762301918
3.4287564384616136,4.535755991995992,0.0633861551292744
3.1832344372219064,1.7755309682794997,0.0817347789824854
1.631840800754335,4.65092793223125,0.020850708924103418
4.723665720783297,2.8204807867173995,0.05337781484570475
2.6168126788640125,4.461444292242202,0.0750625521267723
1.892954317956512,2.1052729810441737,0.08006672226855713
3.6433267946890444,2.6053948771404105,0.12260216847372811
2.994878133279929,2.8365571014754876,0.1517931609674729
3.3375745487989334,4.407481861313717,0.0817347789824854
3.0905849069017455,3.643938793276858,0.1292743953294412
0.9498278989689775,2.951281598069882,0.0408673894912427
2.156769729707129,1.781186939576372,0.08090075062552127
2.1218476330712495,2.6658765592991878,0.11843202668890743
3.915902542356013,1.673607282260436,0.061718098415346125
3.0306314925944173,2.5158305666664216,0.1409507923269391
2.672326905638039,4.002757825304604,0.09924937447873228
3.538115437003926,4.337398107442744,0.07923269391159299
2.8454943207500993,2.304057388329297,0.1317764804003336
2.7761411831195004,3.2424967912712215,0.14845704753961636
3.176573358453711,1.9156119277666335,0.09257714762301918
3.0904897816278742,3.228228330138905,0.15095913261050875
5.517474037533921,4.87684461128167,0.0016680567139282735
2.14675664944118,2.712616638450824,0.12010008340283569
1.5365579981629969,2.4092929860365135,0.07339449541284404
3.3156050035903406,4.205853620888234,0.09674728940783987
2.2709161622563916,2.3458535599322037,0.11926605504587157
0.8527109702613451,2.8373340794550925,0.040033361134278564
1.937585588140437,2.4705605726339264,0.10341951626355296
2.1231392218324117,2.905737445747443,0.11592994161801501
1.2422716086433687,1.5329547546090094,0.03586321934945788
5.129247112028298,1.712577418725969,0.015012510425354461
1.9032144215453604,4.836913528321314,0.020850708924103418
5.905067169240407,1.8284333711746583,0.0050041701417848205
2.6317510432119695,3.3415555509405097,0.1359466221851543
4.728697644405592,2.0131429215717627,0.03502919099249374
2.75472215405789,3.7773375760617443,0.11509591326105087
3.4347660744666184,2.623843928769901,0.1359466221851543
2.866177035483959,1.6251041916300182,0.07839866555462886
2.761826256025335,2.733612509991045,0.15095913261050875
3.232169889626256,2.444672781180984,0.13761467889908258
3.471538522545139,4.012715817819829,0.10508757297748124
3.155429327668466,3.3517564083992033,0.1451209341117598
3.053155347577867,3.0000843930914143,0.15095913261050875
2.2784419664571525,3.316494261673308,0.11592994161801501
2.9027134015865106,5.093168308930595,0.03252710592160134
4.573354902475242,3.385846552556501,0.05504587155963303
2.2369427903052324,1.887588528016582,0.08757297748123437
4.191142953088865,3.2627492251471386,0.08507089241034195
3.4801434033916108,1.2554140130258074,0.045871559633027525
3.927438481558181,3.454420338214363,0.10758965804837364
1.889569315585522,2.528475192550051,0.10341951626355296
3.2637172043565195,3.0524667983562437,0.14762301918265222
2.707828814196445,2.896511731934039,0.14845704753961636
2.7480226217931145,3.1525625121024685,0.1517931609674729
4.471491972993157,0.4333415590687024,0.005838198498748957
2.7631497354903156,3.176512421372447,0.15095913261050875
3.2959939896870996,2.62808541867871,0.14345287739783152
1.2432782175214174,3.3279954837141097,0.04837364470391994
4.7273502141641845,1.4661385950838624,0.01834862385321101
3.863828013698188,2.671474776877106,0.11759799833194329
2.9386756541711527,1.947101489296051,0.10341951626355296
2.6655438276441235,4.300044594698958,0.08340283569641367
3.582655241987707,4.732311605409944,0.05087572977481234
4.177411888977693,3.439086678929576,0.08423686405337781
4.743934526167792,3.438993158738299,0.0475396163469558
3.827988176797059,2.7034290464652915,0.11843202668890743
3.0665458158592047,2.302576176699723,0.13094245204336946
3.989583934594853,1.8216963768851344,0.06255212677231026
3.7823503424176614,2.8093489424948404,0.12093411175979983
4.171247093467319,3.75086898873126,0.08090075062552127
4.820646157646801,3.730774691138645,0.03669724770642202
1.4279597443467593,2.933046827101799,0.06839032527105922
1.827992807405184,2.4817201576337253,0.09924937447873228
4.511228433276722,3.637533810897696,0.0567139282735613
2.3010695714212535,1.986282633559601,0.09674728940783987
3.032782092876261,1.7834398506188722,0.0884070058381985
2.328859722603419,3.312009471551244,0.11759799833194329
4.155312036106697,3.60876147222444,0.08590492076730609
0.7087104914019,3.3043667290302596,0.021684737281067557
3.072033573232578,3.413890285372693,0.1409507923269391
4.616209681651207,0.9367617231952572,0.011676396997497914
2.408896574808894,3.5909063227933546,0.11092577147623019
1.4184056005460577,4.475949048053509,0.01834862385321101
3.3683566127006586,3.846583985843404,0.12343619683069225
2.4290563384782056,3.8137636899662106,0.10258548790658882
4.0684715559890385,3.2328780201371683,0.09674728940783987
3.234400892698696,3.270343239281726,0.14762301918265222
2.136654735260618,2.852471319759647,0.11592994161801501
2.847477467547641,3.3833938643534953,0.14011676396997497
3.9998242469102947,1.9414639180215907,0.07172643869891576
2.8749909696804226,4.481455547658973,0.07839866555462886
2.2564117711874356,2.17774998270968,0.10842368640533778
3.2023061918311937,3.84438519048532,0.12260216847372811
3.0114260555606593,4.328960590436989,0.0884070058381985
3.856793982566527,3.8418200668900617,0.10258548790658882
3.5541165013240934,5.327653100346085,0.02335279399499583
2.794838311133956,0.9964777079334861,0.03669724770642202
4.604254361517141,2.5423005690431744,0.0567139282735613
3.1078804443430332,4.309550684860527,0.09341117597998332
1.3977404589410747,1.7483527858938606,0.04920767306088407
1.3987220628811463,2.205863709974576,0.057547956630525435
3.4396366060169936,3.524187842812771,0.13344453711426188
3.2762741793285537,1.5872341161076335,0.06922435362802336
0.6898965633673559,3.0543535853903823,0.02418682235195997
2.528223966361664,3.4593857717166117,0.12427022518765637
3.70195362622127,3.138241432058682,0.12760633861551293
3.7601330853758537,3.2292113741150685,0.12427022518765637
3.5300647056014665,2.2953267371301176,0.11843202668890743
2.8203885861685416,3.1967760966569574,0.15262718932443703
3.8205284754174187,2.6062588277754277,0.11759799833194329
3.5211672557321125,2.734161208084621,0.1317764804003336
2.8824578326718697,3.829519042024073,0.11759799833194329
1.006939628945844,1.703527671925239,0.03336113427856547
1.5178146025571793,0.6663838801516953,0.011676396997497914
2.3217355598448233,3.7494338997277405,0.10175145954962468
2.715115933617425,3.1977900819418523,0.14929107589658047
4.089217496710793,4.327686132267692,0.060884070058381985
2.9308620652738604,4.3535858895693975,0.08423686405337781
3.0921266584341094,2.162601776172538,0.11926605504587157
2.4055996478012647,1.5194634874349837,0.06755629691409508
2.1118661462663475,2.641983311925571,0.11843202668890743
3.803585019378602,4.720769831165984,0.04670558798999166
1.61781848462296,3.392827468259919,0.07422852376980818
1.9594560608424656,3.474697088463202,0.09174311926605505
2.8689133493122734,1.1690941741524696,0.045037531276063386
3.928296991568484,2.394999287191269,0.097581317764804
2.4660997616264453,1.93024758871031,0.09174311926605505
2.3457167233124445,3.427890440694917,0.11009174311926606
2.8107556590635943,3.328662002282481,0.14428690575479566
3.361921853928844,4.320661655528167,0.0884070058381985
2.6572138491356205,1.5231421831542682,0.06839032527105922
4.067222416571983,2.668511827902745,0.09674728940783987
4.114592444577377,3.3833771131824704,0.09174311926605505
2.868862469796655,3.348775894046295,0.14595496246872394
4.9510125601262995,5.076980529053753,0.006672226855713094
3.0693811351327787,3.1601905933170755,0.15262718932443703
4.076240157466385,2.1543389672326527,0.08090075062552127
3.333070372618255,2.9741371520461435,0.14345287739783152
3.3139082114575538,2.166631194050594,0.11592994161801501
1.410432506691031,0.9270165640087082,0.01751459549624687
1.8826158870103922,2.541324715060667,0.10341951626355296
2.7068084133512382,4.937231162429517,0.03919933277731443
4.105993369907298,2.037908883658373,0.07172643869891576
3.347708452450957,2.592921763649675,0.1409507923269391
2.715636161959905,3.185325649415382,0.1501251042535446
3.6191711169753935,2.6607415161159844,0.12427022518765637
4.0638515327343585,1.858061773857596,0.060884070058381985
3.0063390623622683,5.597673726595833,0.01834862385321101
3.2230797426252753,4.4332145066061726,0.08006672226855713
3.0915201781732082,3.580777095329797,0.13261050875729774
2.9432168056073085,2.8295924188357957,0.15346121768140117
2.2205176032745806,3.430301358957553,0.1067556296914095
2.148462810814232,3.6655852363134294,0.09591326105087573
4.0852870044459095,3.36653140723723,0.09257714762301918
2.713751266444308,3.4539655793086963,0.13344453711426188
2.6913269444535874,3.935547125465149,0.10758965804837364
1.1685939157848764,2.664392631881354,0.05254378648874062
1.0091880048760022,1.504939169772795,0.026688907422852376
4.363862229813909,3.8951849819716857,0.0658882402001668
2.2805197667152095,1.497496543959103,0.06755629691409508
0.03547116215834878,2.4565044920673653,0.01834862385321101
5.420415012247402,3.4348842714636474,0.0158465387823186
2.4404277139505104,3.4650802095003064,0.11759799833194329
1.4390416470055571,2.7026766373023645,0.06922435362802336
3.0994774730157384,2.9138993481789517,0.15095913261050875
3.7908061216900806,3.3446452262360524,0.11759799833194329
3.668326018107997,2.3116277177692406,0.10925771476230192
3.897815408410548,4.628936947623991,0.05504587155963303
2.0298504803485873,2.11230434428544,0.08590492076730609
4.335784336320232,2.80865601330494,0.07923269391159299
4.403821392066557,2.5574642881078162,0.06922435362802336
4.455045576270711,3.1314858168054522,0.07005838198498748
3.2582288233226953,4.564718021669904,0.0658882402001668
2.6382295225558288,2.058877904075042,0.10592160133444536
2.5514357919716457,3.4523339506431387,0.12593828190158465
1.4342409278194856,3.6374709026511214,0.05254378648874062
2.4612286823822567,4.147812660733564,0.08507089241034195
0.6057396950995284,2.213434224895831,0.030859049207673062
1.313531848765898,2.1737705336360476,0.05504587155963303
3.247665901108943,2.820773374550245,0.14845704753961636
2.746622431051985,2.8408151286199392,0.14929107589658047
3.2033882406199434,1.9914639580568922,0.10008340283569642
3.706849640899051,3.662665970385484,0.11676396997497915
3.385037937656101,3.556533442751263,0.13511259382819016
3.2964180008086594,5.0350733027310675,0.03586321934945788
2.91290582894749,2.6929167816654234,0.14929107589658047
2.2464724196426222,1.9677373294221632,0.0950792326939116
1.7555282123989246,2.1112026867690816,0.07339449541284404
2.929319618347929,3.3342951284977147,0.14845704753961636
3.051142058552162,2.234464722570287,0.12343619683069225
3.9001845640199635,3.7394126723009475,0.10258548790658882
2.840351692577983,2.347083855335288,0.13427856547122602
3.5484279208297993,3.1879735874861046,0.13928273561301086
1.5518727405849524,2.9320197440155953,0.07673060884070058
3.262035812074381,2.100305213512246,0.10842368640533778
3.1898433928374432,1.5451775147422109,0.06922435362802336
4.336186100012171,4.2479499850594316,0.05170975813177648
2.747482665697035,3.363454337839073,0.14011676396997497
0.5900780342001251,1.8436523397346671,0.02335279399499583
2.7062210798478703,1.9278669785731408,0.09841534612176814
3.714396482630659,4.9972965307479935,0.03502919099249374
1.823385280570698,2.1625365959148075,0.08090075062552127
3.2354483683099304,4.611116148499621,0.05921601334445371
1.7776256874600969,3.249036122306942,0.08673894912427023
4.8212988508131085,1.3482408518207327,0.0158465387823186
1.718930793154168,2.5763933935391616,0.09341117597998332
2.4794115871445888,3.812601287753645,0.1042535446205171
3.241659719820838,1.2250379403578717,0.0475396163469558
3.5154104029008106,-3.5775388873556504,0.11676396997497915
4.274447216941239,-3.62758753643692,0.06505421184320268
2.363384716897764,-2.4588683891954686,0.12260216847372811
3.762926482336937,-2.5519006360637966,0.12010008340283569
1.3144026826151918,-2.461965560071749,0.05170975813177648
1.965691948325601,-2.7647238884117367,0.10592160133444536
1.5762655646009398,-2.5536778524569366,0.06839032527105922
2.1934010956926273,-4.282634650260522,0.07589658048373644
3.7138201364823997,-2.758355478323249,0.12343619683069225
2.386023198607103,-1.5488211509789358,0.06672226855713094
2.5593475784302577,-2.9678923260290655,0.14678899082568808
3.268913447678601,-3.6196659341286135,0.12343619683069225
3.4711362933999292,-3.5334523471647246,0.12260216847372811
2.588361677783791,-1.637357360196659,0.07589658048373644
1.959413947487567,-5.41278033092949,0.016680567139282735
4.610936995011894,-0.45067204739299704,0.006672226855713094
2.594730734550668,-4.936838040620185,0.043369474562135114
2.6895160238040563,-3.286222949840669,0.1451209341117598
2.810076158977743,-4.113388041921848,0.09090909090909091
3.5795611424764773,-2.475492624713914,0.12427022518765637
1.5055943801806935,-2.300803268305112,0.061718098415346125
5.052684981945891,-2.82803966756294,0.03502919099249374
2.662674837931494,-3.1420032144075214,0.14929107589658047
3.615256766968561,-4.730671605507219,0.03919933277731443
3.164390702977302,-3.39046394946281,0.14011676396997497
4.847825012956045,-3.1741727338049577,0.040033361134278564
4.66788761111952,-4.1037406977820075,0.02585487906588824
3.5872591668027924,-2.6805997362087712,0.1267723102585488
2.130952752135218,-2.8226038853630597,0.1267723102585488
4.212518836831601,-3.3237917042866005,0.08006672226855713
1.3080373508302368,-3.017562826477446,0.058381984987489574
2.0975769052074873,-3.3423409386638823,0.11259382819015847
2.918412230314879,-4.705652216015517,0.05337781484570475
1.384341660679322,-2.5179331644744747,0.057547956630525435
2.4772813038303196,-5.5647443418205675,0.016680567139282735
3.784844036608135,-2.72763024472576,0.11926605504587157
2.286125175963516,-4.3168302110582415,0.0725604670558799
3.8358078963143374,-2.6506493774395703,0.11592994161801501
5.382602282684074,-2.579811401275063,0.019182652210175146
3.3877031412620147,-3.166927930108565,0.1317764804003336
3.816775867200791,-2.3749147987518464,0.11426188490408674
4.251725008565195,-3.521322918637285,0.07422852376980818
2.5645925270560377,-3.47910317091198,0.12760633861551293
3.790801721178989,-1.501625559703268,0.061718098415346125
2.5411595068506996,-3.424773727793091,0.13094245204336946
3.3140772238697993,-3.245761500012901,0.13511259382819016
3.95205365313989,-5.251777290619047,0.014178482068390326
2.173294953083105,-3.7824163339614456,0.09674728940783987
0.6796439876138551,-3.963638444368804,0.01834862385321101
2.0848438841540737,-3.20110465451883,0.11426188490408674
4.112965891660264,-3.2450606511907023,0.09341117597998332
1.9691862797288462,-3.056954541213529,0.10592160133444536
4.04917362144135,-3.975958816114905,0.06755629691409508
2.0894251160785515,-2.4414510407257763,0.10842368640533778
2.7784638842691995,-2.3525153092905255,0.13678065054211844
2.986353208204703,-2.298336351910433,0.13761467889908258
1.9649218859593591,-3.0120846507882675,0.10508757297748124
2.789309985636843,-4.215890924104131,0.08590492076730609
1.4365220521313116,-2.314250964725338,0.060050041701417846
2.649047617782022,-4.02228028164733,0.09841534612176814
2.9038210630766677,-1.8719811426506974,0.10842368640533778
0.7192621546280771,-4.496638689903326,0.015012510425354461
2.0771135581047324,-1.538821133279671,0.057547956630525435
3.2825869829192964,-2.2326827595387733,0.12427022518765637
1.8598390808737695,-4.119535875270526,0.06672226855713094
3.4478137167227105,-2.9417256690645535,0.13010842368640535
3.5487388188641265,-3.187670990928452,0.13010842368640535
3.278143726454627,-2.8418809150948907,0.13928273561301086
3.7777673890849255,-2.1929917180555294,0.1042535446205171
1.3801280056082301,-5.247268555340856,0.015012510425354461
4.001745397651507,-1.8122749067380635,0.06922435362802336
1.9793769804866626,-4.859835406545629,0.03669724770642202
3.099034821007201,-2.0691617736494705,0.11926605504587157
4.797594522434315,-2.483702427898549,0.04837364470391994
2.628283303414305,-3.893130621584863,0.10758965804837364
3.0114512916706544,-3.2992647038852563,0.15095913261050875
1.9849320942711839,-0.9512443491367133,0.02335279399499583
4.785168402072131,-1.8639513164445716,0.03336113427856547
2.0791496021908724,-2.144980675702721,0.09591326105087573
3.639626409497902,-2.557454375795947,0.12510425354462051
4.249665267043778,-2.3646288571387224,0.08757297748123437
3.7400142363043356,-2.36309371662779,0.11759799833194329
3.3407914080021057,-4.783611129714183,0.03919933277731443
3.083621077410557,-3.556191958849125,0.13844870725604672
1.7201590423599795,-1.318183380699176,0.03502919099249374
4.728995340885703,-1.640779399704388,0.026688907422852376
3.2552134168558746,-1.6493748790473433,0.08507089241034195
3.0120531806018254,-2.7972027231022207,0.14762301918265222
1.906528629538017,-2.6030086955011598,0.10008340283569642
3.060385928424417,-4.302652116834464,0.07089241034195162
2.948802888183403,-3.0797295638568083,0.14678899082568808
4.79756116664464,-2.1057866714865905,0.041701417848206836
3.011445439091466,-2.751212690198917,0.14428690575479566
3.044212378104198,-3.202913984795548,0.14678899082568808
1.9175728026117131,-3.151051877606929,0.10175145954962468
2.2539017433474866,-4.250315538923147,0.07589658048373644
3.5112218145475347,-2.608735340066765,0.12844036697247707
1.213292488631922,-3.1226846374951274,0.04920767306088407
3.9957013858999235,-1.9407762611036792,0.07839866555462886
4.025836842885239,-2.96108679309854,0.10592160133444536
2.154954672030849,-4.08369882735806,0.08006672226855713
3.3446049047503577,-2.6207199656348372,0.1359466221851543
4.287331111605066,-1.9000203496579164,0.058381984987489574
2.867771343468828,-4.244205878860869,0.08340283569641367
2.6808934029891023,-2.7827688051894754,0.14678899082568808
2.797916754610596,-3.577894108077656,0.13427856547122602
3.252884814969899,-3.5039577414106104,0.13344453711426188
2.3719339162746262,-2.6885471656965603,0.13344453711426188
2.598007419870795,-2.7558956110216477,0.14845704753961636
3.2732040228521226,-4.139429001091575,0.08673894912427023
2.518758876134588,-1.5622230600835376,0.06839032527105922
1.8379204872657129,-5.116654448970531,0.025020850708924104
1.1381548467574885,-2.970890053423331,0.04420350291909925
3.0309172780326987,-3.117610855425121,0.14678899082568808
4.214189828928502,-5.672834433102938,0.005838198498748957
3.3959338744308236,-1.4385617981964267,0.06672226855713094
1.872219235108286,-3.379806511789895,0.097581317764804
2.247108082771379,-3.894346046077529,0.09341117597998332
2.67373799497696,-1.5725147163154953,0.06922435362802336
4.8373866754875205,-3.3359392250401476,0.03753127606338615
4.90506021406447,-2.964423523015375,0.043369474562135114
4.753691026701081,-3.0932986496534918,0.05004170141784821
3.131057826046144,-2.6345255273571655,0.14595496246872394
6.178853679367535,-2.148714425155211,0.0025020850708924102
2.2927354700485365,-2.031002129724142,0.09924937447873228
2.6381674629156584,-3.489750182901209,0.1292743953294412
3.908601359892111,-2.9689144122288473,0.11259382819015847
3.278575914511806,-2.9860147781347077,0.13928273561301086
3.3365831266054347,-2.575034102563851,0.1359466221851543
1.0630330672945847,-2.3334273313904665,0.03919933277731443
2.0179805801696995,-4.442299135559411,0.05337781484570475
2.9415887561413174,-2.916018996685546,0.14678899082568808
2.306493835427719,-2.1689681423320257,0.10842368640533778
1.657824833629093,-3.406943748772559,0.07589658048373644
2.415125865066999,-3.0465872703393395,0.1451209341117598
3.2788642846472387,-4.007892949623544,0.09674728940783987
3.724282677456228,-2.9369976316653004,0.12427022518765637
1.1080537466880895,-4.958591440397031,0.0158465387823186
2.987680707070689,-3.220967317786354,0.1501251042535446
2.8965798864253665,-3.027982456530218,0.14678899082568808
3.2255598395101805,-2.0523503901517004,0.11509591326105087
1.8888950990824418,-4.171971592900794,0.06505421184320268
1.9066761421126175,-2.711083332831293,0.09924937447873228
4.244947378646446,-3.4313394382395104,0.07339449541284404
0.4983001558403455,-4.7039928626103755,0.006672226855713094
2.1669632772039886,-3.5577288874952147,0.11175979983319433
2.5916113727452736,-2.961418877019083,0.14678899082568808
2.688253669177553,-1.9506603894565928,0.11092577147623019
2.323982694318631,-3.862317959475543,0.09841534612176814
3.4788755385204615,-4.535642069926119,0.04920767306088407
3.3896917053200024,-2.897446816273733,0.13261050875729774
2.852557510081833,-1.4117238928507376,0.06672226855713094
2.377792554705282,-0.9397018294759216,0.025020850708924104
2.774568550771901,-4.277016444970228,0.08006672226855713
3.069919580994825,-4.076245200318768,0.09257714762301918
2.2482441521864995,-2.602966699984509,0.12427022518765637
3.555582088650125,-3.6221677002542583,0.11676396997497915
3.9874051450464005,-1.842492241978866,0.07172643869891576
4.4363017565632905,-2.4705865928742776,0.07422852376980818
4.363428712085699,-4.8807984279740575,0.010842368640533779
2.6820934513715375,-3.8670052563234263,0.10842368640533778
3.119225861127392,-3.5714492191967375,0.13761467889908258
2.8338421580502677,-1.1178251197959506,0.040033361134278564
2.8302802035796217,-2.586207682809786,0.14345287739783152
2.767730670075765,-2.924286712043166,0.14428690575479566
3.0060166804360713,-2.5516759340268407,0.14178482068390325
4.165307535547177,-1.3526060023966706,0.040033361134278564
3.309620081909167,-2.410453113964398,0.1359466221851543
1.849135490814433,-3.0878767424156206,0.0950792326939116
3.940289464883589,-2.1340313615828466,0.09174311926605505
3.21160973279505,-2.113606040432048,0.12176814011676397
3.490766708993819,-1.7996937417406784,0.09174311926605505
3.289359156957111,-3.3556983155710345,0.13427856547122602
3.3358412569330236,-5.930594375852776,0.007506255212677231
3.3828857363850493,-6.648412825214784,0.0016680567139282735
1.276536592594582,-2.548231399059016,0.05004170141784821
3.4775293372667955,-4.162428780139931,0.08340283569641367
2.2878979581210612,-1.629459011385868,0.06755629691409508
2.515969868427324,-0.7570796875970149,0.022518765638031693
2.998080146823654,-2.591963823118733,0.14261884904086738
4.616874398498608,-2.86897288380658,0.0658882402001668
1.9976560193091988,-3.1097274516942903,0.10842368640533778
2.964389263809909,-4.364741652201565,0.07005838198498748
2.7441679286591767,-3.7421920939974367,0.11843202668890743
3.924357757187434,-2.9653881258147443,0.11092577147623019
2.71720425085243,-3.106181930622576,0.1501251042535446
3.223122018406166,-2.38318580031022,0.13511259382819016
2.0002877713306186,-4.041587632621272,0.0750625521267723
4.1046792154025304,-3.4123368722047305,0.08924103419516263
1.583157907403126,-2.5561872906168954,0.06922435362802336
3.463369806032687,-4.530715257256706,0.05087572977481234
3.2294817154636064,-2.2644169075716265,0.12593828190158465
3.374386451706263,-2.368018516238605,0.13094245204336946
1.595730901909251,-2.6689598450038043,0.07089241034195162
2.6973802405295535,-3.4827901587246446,0.1359466221851543
3.8705556094197267,-1.52072548932577,0.058381984987489574
4.794370054600359,-1.685192128494095,0.027522935779816515
2.890265818369816,-2.6472798369736568,0.1451209341117598
3.766822871784244,-2.878822050700538,0.12093411175979983
3.130764187911544,-2.176246868123818,0.12427022518765637
2.9407173539740676,-3.7292869363736614,0.12593828190158465
2.5855269341641414,-2.3660896222662577,0.1359466221851543
3.0029932911999557,-2.659790023131662,0.14345287739783152
3.6700792422021897,-3.3748414628976096,0.12093411175979983
3.756248163629806,-2.6211573965416055,0.11926605504587157
1.7651869130885214,-1.5576952088137557,0.04670558798999166
2.499255256243084,-4.655095343185184,0.05170975813177648
1.9549562904136977,-4.021045160678322,0.0750625521267723
3.0521733186575335,-3.2738505055462372,0.14762301918265222
2.6631680323594074,-2.380298034517521,0.13511259382819016
3.339875361192704,-2.683952129355714,0.1359466221851543
3.4098284573286928,-2.383865331997762,0.1292743953294412
0.892046658222557,-3.364438252264461,0.03502919099249374
0.819789935510526,-2.9639400732022048,0.03252710592160134
2.9953670277756546,-1.9544677252103198,0.1134278565471226
4.187634392721121,-2.7972249517476326,0.10258548790658882
2.4996389226031,-2.514838887454262,0.13844870725604672
2.4720823626756863,-3.001392651443349,0.14595496246872394
3.986136316960768,-3.5577713459894236,0.09341117597998332
3.805678639242501,-2.322598631307698,0.11175979983319433
2.0452081828691786,-2.0261058717825993,0.0884070058381985
3.698566345371505,-2.8980741126273424,0.12593828190158465
2.237676541972348,-3.85920601857557,0.09674728940783987
2.4623374230969777,-2.45740553670804,0.1292743953294412
2.044374832598602,-2.56248775138013,0.11009174311926606
1.7582444711216074,-3.204068584438849,0.08924103419516263
3.1096477545740084,-0.5548698549410833,0.016680567139282735
1.6226843444796326,-1.5279854335098666,0.040033361134278564
3.14984241398728,-2.588828081984037,0.1451209341117598
3.1183479133882046,-2.555273181804767,0.14428690575479566
2.8463148956379825,-1.5459498185425418,0.07589658048373644
2.5435288557752775,-1.8677654278207523,0.09341117597998332
2.355632879786977,-3.060251846401287,0.13844870725604672
1.9280374477097808,-2.54497627965248,0.097581317764804
4.445125956926534,-3.077356179820854,0.07172643869891576
2.8031143012960906,-4.114616963067927,0.09090909090909091
2.7707073464476917,-4.592794259721527,0.058381984987489574
2.0871220132811725,-2.7732139538908647,0.12010008340283569
4.319013197741397,-0.19078913877049697,0.0050041701417848205
2.413414914929099,-1.56469984335456,0.06672226855713094
3.243752480401648,-3.1512476467463757,0.13928273561301086
3.4325944517261524,-2.9380835163200407,0.1292743953294412
3.1103957256122183,-3.4083331628266693,0.14345287739783152
1.6018903402011493,-4.543625202522081,0.040033361134278564
3.6532448832812268,-3.2767000900857135,0.12510425354462051
2.4039111003438336,-2.9914943732768466,0.14178482068390325
3.7949322529156273,-2.819636056973602,0.12010008340283569
2.3439450633590324,-1.7737070443510503,0.08090075062552127
4.579185502981632,-2.505443344677147,0.06505421184320268
3.97366351134409,-1.758040003186189,0.07089241034195162
4.130099316404514,-2.3859008228873764,0.09341117597998332
3.598347047074883,-2.4803394266534973,0.12427022518765637
1.9026623254529564,-2.2992768431404143,0.08924103419516263
1.644186028873446,-3.794599455125055,0.07172643869891576
4.303565067808087,-2.1597798373058024,0.07673060884070058
4.487398289685863,-3.271674383687292,0.0633861551292744
1.8477511587232325,-3.2404371970703427,0.09924937447873228
3.102031297240574,-2.92101128365999,0.14595496246872394
4.133680478756702,-3.3612704250034455,0.08673894912427023
3.3520344718029245,-3.988627149434606,0.09257714762301918
3.450317278043813,-2.9968914498143633,0.13094245204336946
2.2501866617154826,-3.2358293621748526,0.12427022518765637
2.815824253484778,-3.270155129337096,0.14762301918265222
4.771341242267684,-3.0984460023078797,0.0475396163469558
2.756103889822662,-5.097450957610142,0.03753127606338615
2.1057926480205227,-3.263073424456353,0.11426188490408674
2.314147323823357,-1.618292406622203,0.06755629691409508
2.8350622246037815,-1.7115557506817476,0.09090909090909091
3.061704634050368,-2.9627721635784234,0.14595496246872394
2.911203552287499,-2.996203748378541,0.14678899082568808
4.718795003049859,-5.319610726751218,0.0050041701417848205
0.9984542555613212,-3.5431708310561136,0.03919933277731443
3.014527881937569,-2.3098955752359878,0.13678065054211844
3.4730871980274753,-3.38424591288057,0.12260216847372811
4.019043693241763,-1.969804596847269,0.07756463719766472
3.1840578312715655,-2.037342427513159,0.11759799833194329
3.272645263432129,-3.5614830267828834,0.12844036697247707
3.6978168390000046,-2.8893868774213223,0.12593828190158465
3.0013398467544867,-1.5270464278104257,0.0750625521267723
0.5491278714599135,-4.4176841701595695,0.010008340283569641
1.81292957362563,-3.3632606475688056,0.0950792326939116
2.7453918302339697,-4.5073256477730475,0.061718098415346125
2.014841967689174,-3.8608416785235704,0.09007506255212677
5.457424092075891,-1.1982580522528534,0.007506255212677231
2.5882505823153505,-3.363583290306799,0.13844870725604672
1.8507960028117059,-4.908130413225267,0.03336113427856547
2.883119813591476,-3.9978519832440256,0.097581317764804
2.91514946833799,-4.600205849043477,0.05921601334445371
2.2380255416897423,-2.851372904697169,0.13094245204336946
3.3662095977839375,-2.5825280412579854,0.13761467889908258
1.6795110158429627,-2.1453142698644383,0.06755629691409508
2.1997883033981496,-2.3671420853926937,0.11092577147623019
2.989361323381807,-4.376387499077948,0.07089241034195162
2.683802295418812,-2.6346362579362324,0.14595496246872394
3.612965380474599,-3.1409878974444188,0.12593828190158465
4.5317788906010525,-1.992489229013441,0.05421184320266889
2.7433458836002473,-2.2498781878630556,0.13010842368640535
4.933793485188187,-1.039515399216973,0.015012510425354461
1.7720001191775026,-3.9265331111571506,0.07005838198498748
4.484918786733851,-4.058281050837637,0.03502919099249374
-4.322541133291679,2.513805869300953,0.07756463719766472
-2.5797732905254143,2.8976032933889035,0.12427022518765637
-3.6505636204055922,2.325787538275491,0.10758965804837364
-3.7123370644127087,2.1204903713410577,0.09341117597998332
-0.7183671227239383,3.297511071185555,0.021684737281067557
-2.1132409455952614,2.5109225318810764,0.09424520433694746
-3.185956677186049,2.286446018629645,0.11759799833194329
-5.651708334919202,1.6219907231521338,0.010008340283569641
-4.8106186799803945,0.7502162220483926,0.008340283569641367
-4.195358974298102,4.324955679381631,0.0633861551292744
-3.0444361677043545,4.290563762321174,0.08340283569641367
-2.5890174230991247,3.7825588257151592,0.11092577147623019
-3.900896995304575,3.523950954192671,0.11259382819015847
-2.2712857659256542,2.4233527077663073,0.09841534612176814
-2.4404596293838337,3.566187758574833,0.11092577147623019
-3.5495526211300827,1.877231567729005,0.08507089241034195
-4.184128331898272,3.0865055419214618,0.10008340283569642
-2.6729901312106854,2.2074741695420856,0.11009174311926606
-2.973414658673901,3.5705370361384854,0.12427022518765637
-2.381809285334699,4.5518801201224885,0.04920767306088407
-1.7230191678019566,1.998708567243456,0.05504587155963303
-1.3164137904619775,2.469023495444285,0.045037531276063386
-1.9551271875455725,3.0679866260510886,0.0884070058381985
-3.4121493784569674,1.1923031402250672,0.05170975813177648
-3.1715645102163483,1.440616764694391,0.06255212677231026
-2.0327007641572274,4.5167926571392485,0.03669724770642202
-3.7969109892966904,3.3019707425192713,0.12343619683069225
-3.7253915220079756,2.3715152698632105,0.1067556296914095
-2.225505296134629,2.9614617381565873,0.1067556296914095
-1.2603519580689884,2.517767521297079,0.045871559633027525
-2.0006636675255107,3.097413412957782,0.09174311926605505
-2.2042219902557667,2.5528423426700533,0.09841534612176814
-3.0495588375515825,2.8845011207010653,0.13678065054211844
-3.8360571148457874,3.662081534581753,0.11259382819015847
-2.349750994421636,3.5935546949055666,0.10091743119266056
-1.4630343460823554,4.449344801236304,0.02335279399499583
-3.3749446898491353,3.373052318434178,0.13094245204336946
-3.623600689258213,3.0233553161145554,0.1267723102585488
-3.599749449118865,4.620070309136051,0.061718098415346125
-2.636301849657037,2.781970871895578,0.12427022518765637
-1.806381428143623,0.8293845902045884,0.020016680567139282
-5.01410259486529,3.795838655219774,0.03669724770642202
-2.939531551882632,3.2504463002607604,0.13427856547122602
-4.326396103318549,2.9767662891496336,0.08590492076730609
-0.996490589598658,3.8241996197958628,0.022518765638031693
-2.830293454857188,2.5609460898950624,0.13010842368640535
-3.394572851869394,0.8708021107999824,0.0316930775646372
-2.7423595790788395,3.845483108481854,0.10925771476230192
-4.575619327170616,2.338583107693184,0.05337781484570475
-4.157464632233422,2.0346488051912366,0.06839032527105922
-2.9465183731780997,0.9155978450115256,0.03502919099249374
-2.385729561642936,3.753855069933682,0.10175145954962468
-3.2511025880369124,0.5192914900154584,0.020850708924103418
-3.9964186260023897,4.2329019341026966,0.07589658048373644
-5.7779942807285725,2.652476587806481,0.012510425354462052
-4.180000778467259,3.8045703015848367,0.08090075062552127
-3.6751139521434615,3.4039540207356116,0.12510425354462051
-2.434539580830907,4.8362258397300195,0.040033361134278564
-3.2029419436753703,3.3760443696226115,0.13511259382819016
-4.4850554791274355,4.190413563293744,0.05337781484570475
-3.760508848071365,2.4392458359122546,0.11009174311926606
-3.0222477948492106,1.4371156546601505,0.061718098415346125
-2.771229971071062,3.9674662729250105,0.10508757297748124
-2.7070661765027086,1.411102435821275,0.05921601334445371
-3.1238092943296594,3.7420289029794906,0.12010008340283569
-4.877988765965908,1.925233986182286,0.03502919099249374
-2.1234563959184802,3.2700954341972865,0.09841534612176814
-2.5880284178732462,4.859494807623312,0.0408673894912427
-2.5314472214937975,3.6578880104331795,0.11009174311926606
-0.28925447278167393,2.786195441909509,0.016680567139282735
-3.797882763618495,3.427796398247133,0.12010008340283569
-2.561008970611105,2.473284608053792,0.12343619683069225
-4.032397019554848,5.3098444220900785,0.020016680567139282
-2.673156529611977,2.2677146185979242,0.11592994161801501
-2.0840696977204014,2.8908548484386656,0.09591326105087573
-3.252881446317831,3.562272871914493,0.12760633861551293
-4.29188226823169,3.3526272039171725,0.09090909090909091
-1.0870451922682478,3.466177662197311,0.030025020850708923
-3.3762121037834643,2.492894719571758,0.12593828190158465
-3.4103399733451094,2.746037321952219,0.12510425354462051
-3.377806532758272,3.9163114410745665,0.10842368640533778
-4.733209103208983,3.862000050412134,0.05004170141784821
-3.379686525142561,3.3769477856953722,0.13094245204336946
-4.126987910200864,4.328631066849436,0.0633861551292744
-1.754365039828127,3.9595905257500736,0.057547956630525435
-4.51475477579354,3.829121071066053,0.06255212677231026
-2.595144912364291,1.3947287528674324,0.05587989991659716
-3.0242973837708154,3.3645344890332627,0.13344453711426188
-2.4439247261768493,3.177261366948856,0.11509591326105087
-2.7087685831526205,4.473611392253096,0.06505421184320268
-1.7739660900893202,0.13294504621725656,0.005838198498748957
-3.317438554837682,2.8353489724560488,0.12844036697247707
-4.752098572726971,3.094183058232312,0.061718098415346125
-1.7512422275894934,1.9134321404094097,0.05421184320266889
-2.6635990613101277,2.0841765227035625,0.10341951626355296
-3.6719120236796767,4.477393634170035,0.07005838198498748
-3.542557820111825,3.4622124890106245,0.1292743953294412
-4.871218116060987,4.86231756139488,0.020016680567139282
-2.397347553693501,2.8175001573497385,0.1134278565471226
-2.424453490000105,1.5901805710521897,0.061718098415346125
-1.8174692582473428,2.67601522450357,0.08006672226855713
-3.2040695150484346,2.5083443850345155,0.12510425354462051
-3.580651402745585,3.6946706116284087,0.12093411175979983
-2.744093149895777,3.65174814140304,0.11592994161801501
-3.0087946894855713,3.513199811077181,0.12760633861551293
-3.4188487439250386,5.229731841409548,0.029190992493744787
-4.567930416430499,4.260937323562985,0.05087572977481234
-1.6320925492790292,2.147841194034406,0.060050041701417846
-0.7707263894440266,3.995490282945318,0.010842368640533779
-2.0288609931770885,3.0280221870258766,0.09174311926605505
-3.2172261582186765,2.790591172960392,0.1317764804003336
-2.6094694036804826,4.401186275033896,0.06672226855713094
-2.8186857821385805,2.0885563768627096,0.1042535446205171
-2.17557293761502,3.921150746394792,0.08090075062552127
-2.345340471552214,3.7454989065249826,0.10091743119266056
-3.270928130157808,2.0710108328694203,0.1042535446205171
-3.8681934306407797,1.364536751542142,0.05337781484570475
-2.76305138845405,2.9165512167734065,0.13511259382819016
-3.4399877045297087,0.04438117565493016,0.010008340283569641
-4.247317469694169,4.120840651403167,0.07005838198498748
-3.664626000063131,3.360591677656841,0.12593828190158465
-4.390685429975257,4.438705482359231,0.0475396163469558
-3.1440276600546766,3.290040396483535,0.13844870725604672
-0.6742202081183151,4.516440100589404,0.006672226855713094
-3.3065656212870578,2.406779815129641,0.12260216847372811
-3.325545011519532,3.5098982484765355,0.13010842368640535
-3.105224134250871,2.604755854996528,0.13427856547122602
-1.5328187492909577,2.8857901082221633,0.06505421184320268
-0.7004109069626807,3.090742563752173,0.021684737281067557
-1.2146816057752725,3.357319422710627,0.041701417848206836
-2.0370394267505523,2.2753889484822754,0.08006672226855713
-3.8537592225874118,3.4597059550149876,0.11426188490408674
-2.011446757534685,3.040256502000463,0.09257714762301918
-4.286393335083697,1.639741633710673,0.04837364470391994
-4.427136402186241,1.232377887060619,0.0316930775646372
-2.8905146405529125,4.125043921708025,0.09090909090909091
-3.0134157869248086,0.7395852426621476,0.027522935779816515
-3.1907604603345487,2.837201003367393,0.13427856547122602
-0.9040012497745606,1.5428620870804437,0.015012510425354461
-3.3906776025991956,4.705852680544564,0.05504587155963303
-2.550021658653452,3.563313073516425,0.11259382819015847
-2.885415562976122,3.3299435386572647,0.13344453711426188
-2.2223904697214643,2.190513681107234,0.09090909090909091
-2.1219414210918,1.6269969831144608,0.057547956630525435
-2.671632027168462,3.178740963286327,0.12593828190158465
-3.616293088192108,2.977314724674353,0.12593828190158465
-3.622540152665553,1.9282986731382556,0.08590492076730609
-3.3536147416136446,1.8960113646283385,0.09090909090909091
-2.6772025359067517,1.8499145058476365,0.0884070058381985
-2.2880229770089486,1.81852093207118,0.07839866555462886
-3.566294915581006,2.375396591784821,0.1134278565471226
-1.6748532711251611,3.3302899456165918,0.07005838198498748
-3.2117338025443942,3.4987194410697233,0.13094245204336946
-5.107192347329688,2.9568664103590927,0.03753127606338615
-1.0024858221952373,3.1323465064026728,0.0316930775646372
-2.9320868308306647,3.548128379642196,0.1267723102585488
-2.1043947566856547,1.0025333071101403,0.03502919099249374
-4.682326481791026,3.2102912910861465,0.06672226855713094
-3.7148765618975097,4.3120252622199144,0.07756463719766472
-3.315174389885224,1.0654692642868822,0.0408673894912427
-4.268013916843997,0.2503239803694246,0.009174311926605505
-3.2341255372829125,2.811615872735617,0.1317764804003336
-3.424462709781898,4.078879039029738,0.09924937447873228
-1.8014801634833064,2.829611576643889,0.08006672226855713
-5.134693667476856,3.6172815804922585,0.03419516263552961
-2.4446397714914245,3.309391570156945,0.11592994161801501
-2.0185202506918842,1.83517190353896,0.0658882402001668
-0.9912446138148612,2.040572246858132,0.02585487906588824
-2.2507770727991456,1.3126523055866484,0.045037531276063386
-3.930264687270051,4.516368646725336,0.057547956630525435
-3.26089982300085,3.8399226051327977,0.1134278565471226
-2.763044611280754,2.8950418439998273,0.13511259382819016
-1.6361496750673103,2.7633411753480996,0.06839032527105922
-4.7807381075634705,2.196759908048295,0.04670558798999166
-2.4488082712983057,3.3955091063625082,0.11259382819015847
-4.567058250235438,2.275657480591799,0.05421184320266889
-3.5817213492022466,2.634530405885775,0.12427022518765637
-4.375913588601551,2.3716288918805213,0.07089241034195162
-3.7286104852595274,3.7715332597619193,0.10842368640533778
-2.1908786890097565,2.8541895419111842,0.10508757297748124
-3.3920397958707316,3.1399243120391134,0.13511259382819016
-3.816575107455575,1.853167917832559,0.0725604670558799
-3.940221208925717,2.3651868360285433,0.09841534612176814
-4.163473799792271,3.162059559062875,0.10091743119266056
-2.2702843262162915,1.4129016992017582,0.0475396163469558
-2.974871288783967,2.7800642047336646,0.13094245204336946
-2.658491314463197,2.987061231896412,0.1267723102585488
-4.45359927993163,1.7376107011428346,0.04420350291909925
-2.9705764244150275,4.028780919745509,0.10341951626355296
-5.214187371043003,3.34572657980158,0.03252710592160134
-1.8103779947123568,2.846974123793787,0.0817347789824854
-2.449797503973559,2.2969309191021976,0.1067556296914095
-3.1193661992768766,1.3790864816918484,0.058381984987489574
-5.344343308418874,3.942765801225275,0.02335279399499583
-3.9849949277244416,2.5444721549965696,0.09591326105087573
-4.386442253270193,1.5900302969161242,0.04420350291909925
-3.1738377000946163,2.2704228058643534,0.11759799833194329
-2.6220290020053016,3.452538418979592,0.12343619683069225
-2.679150353675393,3.2386007909284436,0.1267723102585488
-1.4222317950681138,1.932406230955114,0.04420350291909925
-3.0549348662029177,4.132689820519589,0.09591326105087573
-1.7354601906619636,1.5782363506554271,0.040033361134278564
-3.31235544165587,4.3581210958672605,0.08006672226855713
-2.4919208948009346,3.1952630314797728,0.11843202668890743
-3.2176846934346566,2.6161990742922545,0.13427856547122602
-2.7117809369096757,2.7476258750155167,0.1267723102585488
-3.042578621044444,3.0785987061150375,0.13844870725604672
-3.6780715284934993,3.532129373881438,0.12260216847372811
-0.08575535158458036,1.2230133606739249,0.007506255212677231
-2.67598747581002,2.2398099113810943,0.11175979983319433
-2.42259742248075,3.046557473327861,0.11676396997497915
-2.2381452259575365,4.17550657650878,0.07005838198498748
-2.8075788822318186,4.132052288414178,0.08924103419516263
-5.344297893788678,4.590452297916023,0.014178482068390326
-2.6249378481076597,4.077843355745182,0.09090909090909091
-4.219875744841522,2.1692301183946645,0.06922435362802336
-2.854061705855226,2.982962110662537,0.13511259382819016
-2.7169314119900103,4.084515160929966,0.0950792326939116
-4.765220315302849,3.973819071717309,0.04837364470391994
-2.991718090042073,2.796218138875452,0.13094245204336946
-4.47111523438489,3.503048668376865,0.07422852376980818
-5.414107851031037,3.6483940112387128,0.022518765638031693
-4.492105835472992,3.053457912617474,0.07673060884070058
-3.1191688373279205,4.169538147293884,0.09007506255212677
-3.17865516901389,2.3058614388543344,0.12010008340283569
-3.506602695971203,4.2728827687546636,0.08590492076730609
-2.463703030819106,2.614370018476839,0.11676396997497915
-3.2364464199645133,1.432822909414553,0.06255212677231026
-2.611525799148459,1.2401842923045343,0.045871559633027525
-2.248203534164544,3.1286215924912657,0.10758965804837364
-0.6130482004260775,1.8998644462756942,0.014178482068390326
-3.102662091040633,4.798287700923063,0.05087572977481234
-1.8086103597085856,2.3037879484201005,0.06755629691409508
-2.776032571626552,3.0019993564150873,0.13261050875729774
-2.7180441326058427,2.30131956401517,0.11759799833194329
-3.0893204027007344,1.4019476247232863,0.058381984987489574
-2.864876548131918,3.450020673421832,0.12427022518765637
-3.2274194126438838,1.3849491094152122,0.061718098415346125
-2.0114681371485377,3.3645250379928022,0.09007506255212677
-3.726015097700977,2.719399553161936,0.1134278565471226
-4.500669402781838,1.9745898722220956,0.04837364470391994
-3.5378113463571395,4.228420812280151,0.08757297748123437
-3.6395033908874757,3.640213659328759,0.12510425354462051
-3.53831620286158,3.247947560851875,0.13094245204336946
-3.1413955021438023,3.8730566000927436,0.11175979983319433
-3.534811338218558,1.427471749997559,0.05921601334445371
-4.381949031363632,2.4681225060572425,0.0725604670558799
-4.2490599706780525,3.4102120156795515,0.09424520433694746
-3.465768164858078,5.3746065500264315,0.02418682235195997
-4.737714595137132,3.203633178709801,0.061718098415346125
-4.127953023505669,2.5065986596173215,0.08590492076730609
-2.858580526659456,0.6746286251257132,0.029190992493744787
-2.7631738832119725,4.902907462274168,0.03753127606338615
-3.4534382983685927,3.2598078568055096,0.1317764804003336
-1.9750783068746007,2.8360464999730035,0.09090909090909091
-3.580960188531483,0.7242635962782478,0.025020850708924104
-2.3590092806050267,2.8868315902711026,0.11509591326105087
-4.012683851388162,3.1265967102776937,0.10758965804837364
-3.5836803568061812,2.4715738688844744,0.11676396997497915
-2.3937088438912917,1.6616175886761555,0.06755629691409508
-1.9526847139262415,1.6023138368815963,0.04837364470391994
-3.6627014083552636,4.9229461940665775,0.042535446205170975
-1.8726452383575778,3.0976039924954404,0.08256880733944955
-3.9405302155012167,2.4707276933001068,0.09924937447873228
-2.9267246854143036,3.0375232323395984,0.13511259382819016
-3.0908709296259627,2.9691674859158157,0.13761467889908258
-3.214375109705114,1.5580212643599871,0.07422852376980818
-3.5165107421608326,3.9146240539868464,0.10758965804837364
-4.368334297551117,2.8104444884607216,0.08423686405337781
-3.8197539287708437,3.111350429398111,0.11676396997497915
-3.388633181066818,4.477393664974669,0.07339449541284404
-2.493416845809746,1.6881968342227887,0.07089241034195162
-2.3287719883863014,2.225348143737937,0.0950792326939116
-3.5769963713775335,3.313819020107122,0.13010842368640535
-3.491747419730135,3.8928558163229554,0.10842368640533778
-3.7745100615133955,2.381053447408637,0.1067556296914095
-3.6563708935481087,2.434361251644961,0.11175979983319433
-1.900808444452187,3.628796293610303,0.07839866555462886
-1.290056045987929,5.267644203899255,0.004170141784820684
-4.0307170319323395,3.070419127327289,0.10842368640533778
-4.176200316643433,2.222394072251733,0.07673060884070058
-3.6300825102556695,1.9428451258617256,0.08590492076730609
-4.051887272898414,2.855715621479745,0.10258548790658882
-4.216718418386407,3.842126959137633,0.0750625521267723
-3.9177535374175143,5.809568970096392,0.007506255212677231
-3.451384450964395,3.072017641917052,0.13678065054211844
-4.295341184466035,4.70609175812764,0.03919933277731443
-1.8804993191970838,3.2969158707361124,0.08590492076730609
-4.346802548779566,3.2106668777246203,0.08757297748123437
-4.121431046017255,4.462355263473361,0.05504587155963303
-2.1908052681468275,3.095439038487736,0.1042535446205171
-5.436375663247322,2.0165840213409694,0.01751459549624687
-2.3122388684001276,4.212883691723156,0.06672226855713094
-1.8908301885078684,1.4079869977585446,0.040033361134278564
-2.698447693187096,4.01551521648293,0.10175145954962468
-4.658335565582245,2.9920954846267636,0.06672226855713094
-2.726157601691544,2.699235415153265,0.12760633861551293
-4.852161855401201,2.674301889926271,0.05421184320266889
-3.327305430255024,2.8519275954522456,0.1292743953294412
-3.5634714254250697,2.5569878467585325,0.12010008340283569
-3.039706282346978,-2.5575453950302887,0.13928273561301086
-3.304426762856667,-3.409648928368002,0.13928273561301086
-2.907645961745542,-4.920915925895182,0.05004170141784821
-2.522964872773542,-3.0005630971229587,0.14428690575479566
-2.9603064734024382,-2.039265692405536,0.10592160133444536
-4.952815530048248,-4.9738338698589635,0.010842368640533779
-2.7261961546764804,-3.007116855128516,0.1542952460383653
-2.829823056808068,-3.462127075172446,0.14261884904086738
-2.335646325760069,-2.06736115700888,0.0950792326939116
-2.5160177060484727,-3.2608284584045832,0.14261884904086738
-5.107689387614403,-2.230763791962872,0.027522935779816515
-1.7782713337824072,-2.3554415880160198,0.08090075062552127
-3.8796424273675063,-2.326205606332242,0.09174311926605505
-2.1394702920385544,-1.4411837522009143,0.0475396163469558
-3.8761099242279577,-3.2264545845441384,0.11509591326105087
-2.2527279488565446,-2.9425899285618424,0.1317764804003336
-4.117327602051275,-2.5853837149732968,0.08757297748123437
-2.421338366184833,-2.912037103668998,0.1359466221851543
-2.780415072820056,-3.25870590168573,0.14929107589658047
-1.5217210642839407,-3.9006921837126765,0.04920767306088407
-3.587320762763779,-2.9890144864724744,0.14011676396997497
-2.1210459722991075,-4.497373170094537,0.05254378648874062
-4.310296749765439,-5.037728507734718,0.02335279399499583
-2.9673047747467294,-4.118305817206544,0.10091743119266056
-3.3845501100179165,-2.338621810108292,0.11926605504587157
-3.6415427207828466,-2.7687179772566353,0.12593828190158465
-3.299337907751722,-2.3278856849035634,0.12010008340283569
-2.5248719326519913,-3.69193369617461,0.12176814011676397
-3.168651753400453,-1.9562566022795056,0.10175145954962468
-2.606623129745903,-4.396962057751131,0.08090075062552127
-2.3443819388286173,-4.084610622436238,0.08757297748123437
-1.587486930038994,-1.975901160158975,0.05337781484570475
-2.7101145240815994,-2.8427671565638066,0.14762301918265222
-3.20903225602742,-2.3214760485999717,0.12010008340283569
-3.3707781694620618,-2.764430129360106,0.13427856547122602
-2.128065633480549,-3.5618065435255897,0.10592160133444536
-3.6161927399906943,-4.194365480724459,0.0817347789824854
-4.064472746126173,-4.828395311441502,0.03586321934945788
-2.2701712109844703,-1.1910854579172292,0.03919933277731443
-1.5746710565296944,-4.626084488626517,0.025020850708924104
-2.2751453284438,-1.5778936500764436,0.058381984987489574
-3.456809980738664,-2.8985525693499508,0.13761467889908258
-5.00789305080467,-2.7332638320233587,0.03836530442035029
-4.063559729434718,-2.8003649820884853,0.09424520433694746
-4.561202922188881,-2.457141775522404,0.05921601334445371
-1.9754873245733102,-3.7831798617151677,0.08423686405337781
-4.136922581410435,-5.156023042549981,0.022518765638031693
-3.266413534075177,-3.581593934281605,0.13261050875729774
-4.5510194123480545,-2.5469812436878283,0.060050041701417846
-3.449970381864649,-4.075735958645232,0.09591326105087573
-3.554572405640447,-1.9286954610703844,0.08924103419516263
-2.397063056244778,-3.13002606149849,0.13678065054211844
-2.3808949815351474,-4.160911956386739,0.08673894912427023
-2.9676298992729695,-2.8526776695135294,0.15262718932443703
-3.469836508498727,-2.564541664042582,0.12343619683069225
-3.7804334546444514,-2.490179292223882,0.1067556296914095
-2.448141228468708,-5.917159880697066,0.006672226855713094
-1.8096942964898823,-6.047632565352754,0.003336113427856547
-3.6160490255561255,-1.974651965742245,0.09341117597998332
-3.3172867252524405,-4.466185982469542,0.07339449541284404
-4.093737061716671,-1.9730942536793803,0.06422018348623854
-4.9215045305486385,-1.8710088990379827,0.029190992493744787
-3.0551020990422892,-4.192395330442434,0.09257714762301918
-3.583115072302691,-4.017224341101642,0.09674728940783987
-2.1337747991414715,-2.2675721902371615,0.09841534612176814
-4.719161133876047,-3.403592118519334,0.05087572977481234
-3.863185662344277,-1.7064900315406297,0.06505421184320268
-4.350099118126421,-1.395770895314986,0.027522935779816515
-3.0332947395169376,-4.161934406380087,0.09341117597998332
-3.6772741840092777,-3.801618840768451,0.10258548790658882
-4.274618402015506,-2.9051731402696244,0.08340283569641367
-4.2279155506918435,-5.180366208738189,0.01834862385321101
-3.3796764708481732,-4.802856196417883,0.05170975813177648
-3.7521608680675205,-3.909102888603356,0.09341117597998332
-3.871216072025814,-0.9990368984098463,0.021684737281067557
-2.9435884328304294,-2.754628991004668,0.14428690575479566
-4.776398296342295,-3.653963133636922,0.04420350291909925
-2.784697370058488,-4.024528912913007,0.1067556296914095
-2.0919371564820146,-4.20269658590103,0.06672226855713094
-3.2863661358651757,-3.5860516399755586,0.13094245204336946
-2.835679340618084,-3.640490071855426,0.13344453711426188
-3.2708936270709374,-3.2361300917779854,0.1451209341117598
-3.734387757391301,-2.5149061315028876,0.11009174311926606
-2.761611625162575,-3.0886139452531673,0.1542952460383653
-3.4304583334619583,-2.203455969480003,0.11092577147623019
-3.2358342438141814,-3.306697287825937,0.14345287739783152
-2.895309970111874,-1.3034133170291493,0.05004170141784821
-4.340356208021204,-2.230143106944645,0.06255212677231026
-4.893171161238105,-2.782726841771376,0.04420350291909925
-1.4249171723912692,-2.511331475532693,0.060884070058381985
-2.8293749214602073,-3.5604494688030757,0.13844870725604672
-2.9689527995114458,-3.2520628154033564,0.15262718932443703
-3.7859766079313553,-3.2898756154748696,0.12176814011676397
-2.8016188393735604,-3.7672170685306403,0.12510425354462051
-3.806281820684684,-4.360243437592175,0.06672226855713094
-2.609274973911104,-2.4546767380329397,0.1317764804003336
-2.7683395557634825,-2.034829507271334,0.10341951626355296
-2.9121323629192726,-2.6079890626342435,0.14261884904086738
-2.6961625743624373,-3.0915400194182077,0.15095913261050875
-3.530821828129647,-0.7858473842080889,0.01751459549624687
-3.4519509798535086,-3.6658777111204364,0.12093411175979983
-2.565990176549893,-2.7481455847049947,0.13844870725604672
-4.404791547610327,-1.8773217454362614,0.04670558798999166
-3.0941945753508335,-4.1109310952157205,0.09924937447873228
-1.811215885646126,-2.3743244284038463,0.08340283569641367
-4.264541991947914,-1.2228171597422757,0.02335279399499583
-2.3412026316338075,-3.010196115625046,0.1359466221851543
-1.4097811943782206,-2.8407022161703592,0.0633861551292744
-3.028083075104032,-3.660300116021989,0.1317764804003336
-2.4181495606929215,-2.5233970326760202,0.12593828190158465
-2.985319860110289,-3.789986353867603,0.12260216847372811
-2.870070145833926,-3.069798785762138,0.1559633027522936
-4.333474318734201,-4.471812351324186,0.03919933277731443
-2.4348466211902307,-5.6018883150516885,0.012510425354462052
-2.79458947303874,-3.4780830577538246,0.14261884904086738
-1.6917533931200899,-3.4934682091538756,0.0817347789824854
-2.340515785748104,-3.3969138412377915,0.12760633861551293
-2.8862518465138565,-2.2631634690799487,0.12093411175979983
-3.46255571632458,-2.003445115501596,0.09924937447873228
-3.993697877106483,-2.7054071574416207,0.10008340283569642
-2.077360277212147,-2.3399625082096653,0.09841534612176814
-1.0835551232645897,-3.7634393173106604,0.03419516263552961
-4.379149251348588,-3.9943351084951195,0.05587989991659716
-2.3395574334515628,-2.5020770657306213,0.11759799833194329
-2.897743340352584,-4.12295704910713,0.097581317764804
-2.233132706670939,-4.22470477765054,0.07673060884070058
-1.8410504176231002,-0.14256157686013493,0.007506255212677231
-2.6335488534284495,-2.416891864342257,0.12844036697247707
-3.4928597688955594,-4.810213321086817,0.04837364470391994
-3.6027193630302223,-4.092895241098749,0.08673894912427023
-4.447004576415016,-1.2776400580043508,0.021684737281067557
-2.727137481974227,-2.6203124193860163,0.13928273561301086
-3.3090223651962494,-3.1728710824434363,0.14261884904086738
-2.0354493177606665,-3.0323371186952155,0.11676396997497915
-2.469306061975267,-3.196004297845016,0.13928273561301086
-3.3421528907320472,-4.4069141656018616,0.0750625521267723
-4.977749062367128,-3.261561901066402,0.03336113427856547
-2.9435033080067674,-4.286130036708791,0.08757297748123437
-3.0344748650346327,-2.946247437009498,0.1501251042535446
-5.156008006059379,-3.9151246594795013,0.01834862385321101
-2.5927361062645313,-2.612941270604256,0.13511259382819016
-4.15367491639976,-2.841551949500265,0.09090909090909091
-1.9775927746395279,-2.2229270410091018,0.09007506255212677
-3.0952857870139345,-3.4679763133242925,0.14261884904086738
-3.6293444843345046,-2.532180217090343,0.1134278565471226
-2.804896026857112,-2.3705959938977994,0.12510425354462051
-2.868126186878848,-2.1812360496525582,0.11676396997497915
-2.9054074670423,-2.2153112838683136,0.11926605504587157
-2.129177229633361,-3.8045266302248137,0.09090909090909091
-4.808144046870746,-1.4565071439854467,0.021684737281067557
-2.7433412692877384,-4.7144858954961215,0.06255212677231026
-3.713819497218711,-2.2281257076301717,0.10175145954962468
-3.279676831132893,-3.512061419319127,0.1359466221851543
-1.5991181396870333,-4.047287146383811,0.05004170141784821
-3.798153357754834,-2.7886135249517325,0.12093411175979983
-2.609545067946118,-2.5036569656592684,0.13344453711426188
-2.0887619554310533,-2.8014213793184832,0.11592994161801501
-2.510616061061591,-3.2592092593150834,0.14261884904086738
-2.937301696763286,-2.8924658199463655,0.15512927439532945
-2.7849018641809637,-2.2274601924172392,0.11843202668890743
-2.444854318055169,-2.955782997099817,0.13928273561301086
-3.8091259849410397,-2.9323287419372903,0.12260216847372811
-3.028017784895744,-2.8068184201868016,0.1451209341117598
-0.7934746928595979,-3.523772778541235,0.020850708924103418
-2.5777109808746403,-1.9315379327557018,0.09591326105087573
-2.901998085900617,-0.6621548808278348,0.0158465387823186
-3.3780392917314765,-2.675910777679953,0.13344453711426188
-3.7988057448929817,-3.3515247351432933,0.11843202668890743
-2.7510660896033423,-2.1536959376922704,0.11175979983319433
-2.6809051659764256,-1.740885150665264,0.08340283569641367
-3.0949653105926718,-3.3321685298390054,0.14595496246872394
-0.29601489272061343,-2.6057623505579692,0.010842368640533779
-3.7194815459785477,-3.694263762248069,0.10508757297748124
-3.9426799145313405,-2.063430644143212,0.08006672226855713
-3.364377292893242,-2.8726375243435145,0.13928273561301086
-3.063508674438269,-2.2685075920590654,0.12010008340283569
-3.84674409288402,-4.075572286143015,0.08090075062552127
-2.7757026928184056,-2.399040715300103,0.1267723102585488
-2.6674676869023592,-3.809453729097328,0.12010008340283569
-2.3225151579086063,-3.7438609270956342,0.10758965804837364
-3.5215386447863835,-3.9439535247220023,0.1042535446205171
-1.6988416513479692,-2.3665784589726506,0.07756463719766472
-2.3950066243211268,-1.7527885788575497,0.07339449541284404
-0.1873507517612767,-4.709226103910155,0.005838198498748957
-3.738376580877108,-3.616175084174524,0.10842368640533778
-3.850819622382693,-4.077583247603712,0.08090075062552127
-3.2996530640553656,-4.216603715289405,0.09007506255212677
-2.664957632462587,-2.9483016785713856,0.14929107589658047
-2.5189713352363445,-2.4922715483617477,0.13010842368640535
-2.3969931465733234,-3.3734089368238824,0.1292743953294412
-0.8788565973663327,-2.7655688835179024,0.030859049207673062
-4.862484752624795,-4.0023757457662175,0.03336113427856547
-4.740502989027815,-2.9826653708486925,0.04920767306088407
-3.121805224053334,-3.4684256978994576,0.1409507923269391
-0.9890738875994858,-2.451017125923089,0.0316930775646372
-2.2739016385536654,-3.931073487942103,0.0950792326939116
-3.9991448913310124,-2.9631945009030454,0.10592160133444536
-2.826992860347774,-4.8563115671144566,0.05170975813177648
-3.1803070228495343,-2.9859279171264954,0.14762301918265222
-3.215149165771129,-3.8133904123466764,0.11843202668890743
-3.5395351819211402,-3.176859193572796,0.14178482068390325
-2.909199976389952,-2.395208417449432,0.13010842368640535
-1.9191437950491288,-3.29434772352725,0.10758965804837364
-3.4561561961153577,-2.562344326465694,0.12343619683069225
-2.389155083589146,-3.4342004332588854,0.12260216847372811
-2.2096065230338278,-2.020414658844027,0.08590492076730609
-1.708313534341327,-1.2216790932801775,0.02585487906588824
-3.8664161386594387,-2.986101790667489,0.11592994161801501
-2.9887223033813397,-3.0980735685325076,0.15346121768140117
-3.6492629196101363,-4.485562003231071,0.06422018348623854
-2.907320553970996,-3.7683556595479124,0.12510425354462051
-2.914006519252375,-3.794043541698853,0.12176814011676397
-4.099658345844341,-2.7657016396231024,0.09174311926605505
-2.849078473193504,-2.420718028679067,0.1317764804003336
-0.8141362335823747,-2.722710468789153,0.029190992493744787
-2.5149182329358704,-4.077561328867326,0.09674728940783987
-4.286907440536375,-1.4171705532266663,0.0316930775646372
-3.9234797799333037,-4.043944071468642,0.07673060884070058
-3.039098921216553,-3.0901924133773884,0.1542952460383653
-3.9025065064432916,-3.3049732187131,0.10925771476230192
-1.7706242823498957,-3.8059936088317974,0.06839032527105922
-4.393672484366172,-2.0574063791002075,0.05421184320266889
-2.5077030880619633,-3.6205186206486615,0.12427022518765637
-4.582167016126918,-3.744623356438563,0.05254378648874062
-3.0547044368492715,-1.834327910116181,0.08924103419516263
-4.036581974869657,-3.0845198815114734,0.10258548790658882
-2.3248553401051018,-5.381267340121921,0.019182652210175146
-1.9662138320611002,-4.182450572206437,0.060884070058381985
-2.6680045065430655,-2.7533168503892558,0.1409507923269391
-1.915413608536155,-2.4490756191064595,0.09257714762301918
-5.3772904917299815,-3.784779247155991,0.015012510425354461
-2.86179487064672,-3.194979886119787,0.15262718932443703
-2.5223892702432296,-2.210633444330295,0.11092577147623019
-2.391548263570321,-3.214274942554465,0.1359466221851543
-4.846337011120481,-3.4554812488548174,0.03919933277731443
-2.583631851861045,-4.090447252550478,0.10008340283569642
-2.3687252698784236,-2.0916067027326957,0.097581317764804
-2.8731330237041575,-6.063779866312396,0.006672226855713094
-4.278088362711803,-1.1138108414439183,0.019182652210175146
-3.546537793028378,-4.984143223128996,0.03919933277731443
-1.7647526116897276,-2.986644408456327,0.097581317764804
-1.8950595110422745,-2.7230413247806347,0.10258548790658882
-2.541440863787831,-2.6369907522854836,0.13427856547122602
-2.302511688079,-0.7225695514439017,0.014178482068390326
-2.028993664040812,-4.580339317845535,0.045871559633027525
-2.5533384847210967,-1.8585192318967823,0.09007506255212677
-1.797299193463854,-3.4266049830590997,0.0950792326939116
-1.8350555548118723,-2.0722576004487947,0.07172643869891576
-0.4274825630302699,-3.7500017362485116,0.012510425354462052
-3.5074005764004252,-3.306119048459954,0.13678065054211844
-3.4902221500387753,-3.890020749763603,0.10925771476230192
-5.762675505673743,-3.4346994737231342,0.011676396997497914
-2.6306419403000953,-3.4932218455059107,0.1359466221851543
-1.0646188164708903,-2.9866241872841375,0.03669724770642202
-1.7089709448158645,-2.738579587270032,0.09257714762301918
-2.173592690106742,-2.7207584460664376,0.12010008340283569
-1.6312153680964372,-2.944060649867599,0.08090075062552127
-2.5038792919112143,-2.633667066349956,0.13344453711426188
-3.288285458127319,-2.595017681075323,0.13094245204336946
-0.765613753802318,-3.270396942095442,0.025020850708924104
-2.5805351071467517,-1.7422210491305572,0.08006672226855713
-1.8597467190557198,-2.988283582280635,0.10842368640533778
-5.383388702957362,-2.4832971813515337,0.021684737281067557
-5.219474258623053,-1.530062769058769,0.016680567139282735
-2.8305261288067394,-2.000325980128011,0.10091743119266056
-3.902111138181051,-4.552507473300055,0.05170975813177648
-2.7392456158588327,-3.033603439956142,0.1542952460383653
-3.491540826157166,-2.915338719267236,0.13844870725604672
-0.23256410796774007,-2.165474452630942,0.009174311926605505
-1.950501394136681,-2.156063108446644,0.08423686405337781
-1.5205378561478071,-3.190071672900745,0.0725604670558799
-5.054761307675294,-3.1885861330060097,0.03336113427856547
-2.1882642900034983,-3.9698003951150738,0.0884070058381985
-3.1763659504893305,-3.691769743002313,0.12593828190158465
-1.4979707481568696,-2.2505429845934364,0.060884070058381985
-2.348459379356041,-2.3783986868790286,0.11426188490408674
-3.037249252552127,-2.8024437174724963,0.14345287739783152
-4.185184580532318,-5.186441978750567,0.020850708924103418
-2.8499188696549758,-2.676009743727856,0.14178482068390325
-1.7907354315746224,-1.4286641839176324,0.03753127606338615
-1.4300015150010532,-3.998023593293878,0.042535446205170975
-3.3522650349497694,-2.5196657041186206,0.1292743953294412
-0.4680953222578226,-1.519900796286084,0.007506255212677231
-1.8806028380016198,-3.3877879555492907,0.10091743119266056
-3.8831996311551245,-2.2110921166167605,0.08673894912427023
-4.10066126423436,-3.2384363509803027,0.09591326105087573
-3.1147779490019225,-1.407087910877192,0.060050041701417846
-3.3546973029596776,-5.4392496385726155,0.021684737281067557
-2.4955553523375316,-3.6990218531039263,0.11843202668890743
-2.957368975562253,-3.0867047008421236,0.15346121768140117
-3.273703995817768,-2.209659418215296,0.11592994161801501
-4.532864878352707,-3.51701422495436,0.05921601334445371
-2.3159620868826187,-3.6140847753443683,0.11259382819015847
-4.608806709269972,-2.331444656743264,0.05504587155963303
-1.876905369558461,-3.0449952076430065,0.10842368640533778
-4.9608455984695325,-2.294030253301184,0.03753127606338615
-4.659887881419688,-2.6912007231518342,0.0567139282735613
-3.88746382474216,-4.1598392857669655,0.0725604670558799
-3.44191001707969,-3.18329755642726,0.14178482068390325
-3.6442082503864484,-2.4112967217848493,0.11092577147623019
